name,link,path,commits
hidroh/materialistic,https://github.com/hidroh/materialistic,repositories/materialistic,1716
gsantner/memetastic,https://github.com/gsantner/memetastic,repositories/memetastic,230
fenimore/DemocracyDroid,https://github.com/fenimore/DemocracyDroid,repositories/DemocracyDroid,425
ctodobom/OpenNoteScanner,https://github.com/ctodobom/OpenNoteScanner,repositories/OpenNoteScanner,194
HugoGresse/Anecdote,https://github.com/HugoGresse/Anecdote,repositories/Anecdote,308
greenaddress/abcore,https://github.com/greenaddress/abcore,repositories/abcore,230
mkulesh/microMathematics,https://github.com/mkulesh/microMathematics,repositories/microMathematics,495
vijai1996/screenrecorder,https://github.com/vijai1996/screenrecorder,repositories/screenrecorder,191
gsantner/markor,https://github.com/gsantner/markor,repositories/markor,821
SecUSo/privacy-friendly-pedometer,https://github.com/SecUSo/privacy-friendly-pedometer,repositories/privacy-friendly-pedometer,259
philliphsu/ClockPlus,https://github.com/philliphsu/ClockPlus,repositories/ClockPlus,485
Sparker0i/Weather,https://github.com/Sparker0i/Weather,repositories/Weather,672
ScreamingHawk/android-slideshow,https://github.com/ScreamingHawk/android-slideshow,repositories/android-slideshow,319
openintents/notepad,https://github.com/openintents/notepad,repositories/notepad,165
jtmcn/archwiki-viewer,https://github.com/jtmcn/archwiki-viewer,repositories/archwiki-viewer,94
kwantam/batsHIIT,https://github.com/kwantam/batsHIIT,repositories/batsHIIT,17
commons-app/apps-android-commons,https://github.com/commons-app/apps-android-commons,repositories/apps-android-commons,4233
Cj-Malone/Screens,https://github.com/Cj-Malone/Screens,repositories/Screens,99
MarcelJurtz/MTG_LifeCounter,https://github.com/MarcelJurtz/MTG_LifeCounter,repositories/MTG_LifeCounter,184
OpenArchive/openarchive,https://github.com/OpenArchive/openarchive,repositories/openarchive,313
erickok/transdroid,https://github.com/erickok/transdroid,repositories/transdroid,593
kollerlukas/Camera-Roll-Android-App,https://github.com/kollerlukas/Camera-Roll-Android-App,repositories/Camera-Roll-Android-App,393
T-Rex96/Easy_xkcd,https://github.com/T-Rex96/Easy_xkcd,repositories/Easy_xkcd,641
TobiasBielefeld/Simple-Brick-Games,https://github.com/TobiasBielefeld/Simple-Brick-Games,repositories/Simple-Brick-Games,51
TheTorProject/ooniprobe-android,https://github.com/TheTorProject/ooniprobe-android,repositories/ooniprobe-android,446
MCMrARM/revolution-irc,https://github.com/MCMrARM/revolution-irc,repositories/revolution-irc,768
andOTP/andOTP,https://github.com/andOTP/andOTP,repositories/andOTP,661
qqq3/inventum,https://github.com/qqq3/inventum,repositories/inventum,36
HenriDellal/emerald,https://github.com/HenriDellal/emerald,repositories/emerald,124
tengusw/share_to_clipboard,https://github.com/tengusw/share_to_clipboard,repositories/share_to_clipboard,132
arnef/bewegungsmelder-android,https://github.com/arnef/bewegungsmelder-android,repositories/bewegungsmelder-android,41
SecUSo/privacy-friendly-dice-game,https://github.com/SecUSo/privacy-friendly-dice-game,repositories/privacy-friendly-dice-game,111
itds-consulting/android-silent-ping-sms,https://github.com/itds-consulting/android-silent-ping-sms,repositories/android-silent-ping-sms,26
gilbsgilbs/freemobilenetstat,https://github.com/gilbsgilbs/freemobilenetstat,repositories/freemobilenetstat,1726
BiglySoftware/BiglyBT-Android,https://github.com/BiglySoftware/BiglyBT-Android,repositories/BiglyBT-Android,974
btimofeev/UniPatcher,https://github.com/btimofeev/UniPatcher,repositories/UniPatcher,177
Andre1299/TUI-ConsoleLauncher,https://github.com/Andre1299/TUI-ConsoleLauncher,repositories/TUI-ConsoleLauncher,153
adolfintel/chromiumUpdater,https://github.com/adolfintel/chromiumUpdater,repositories/chromiumUpdater,45
termux/termux-app,https://github.com/termux/termux-app,repositories/termux-app,500
tananaev/rootless-logcat,https://github.com/tananaev/rootless-logcat,repositories/rootless-logcat,76
sergstetsuk/CosyDVR,https://github.com/sergstetsuk/CosyDVR,repositories/CosyDVR,115
caarmen/network-monitor,https://github.com/caarmen/network-monitor,repositories/network-monitor,956
termux/termux-styling,https://github.com/termux/termux-styling,repositories/termux-styling,95
TheUberCatman/crates-io-android,https://github.com/TheUberCatman/crates-io-android,repositories/crates-io-android,34
j4velin/Pedometer,https://github.com/j4velin/Pedometer,repositories/Pedometer,467
micolous/metrodroid,https://github.com/micolous/metrodroid,repositories/metrodroid,1683
wbrenna/GTFSOffline,https://github.com/wbrenna/GTFSOffline,repositories/GTFSOffline,78
caarmen/nounours-android,https://github.com/caarmen/nounours-android,repositories/nounours-android,401
Etar-Group/Etar-Calendar,https://github.com/Etar-Group/Etar-Calendar,repositories/Etar-Calendar,5634
SteamGifts/SteamGifts,https://github.com/SteamGifts/SteamGifts,repositories/SteamGifts,611
AnaelMobilia/NextINpact-Unofficial,https://github.com/AnaelMobilia/NextINpact-Unofficial,repositories/NextINpact-Unofficial,1001
scoute-dich/HHSMoodle,https://github.com/scoute-dich/HHSMoodle,repositories/HHSMoodle,174
joonatoona/OpenShift,https://github.com/joonatoona/OpenShift,repositories/OpenShift,16
maks/MGit,https://github.com/maks/MGit,repositories/MGit,698
meoblast001/thugaim,https://github.com/meoblast001/thugaim,repositories/thugaim,119
Tortel/SysLog,https://github.com/Tortel/SysLog,repositories/SysLog,239
pR0Ps/LocationShare,https://github.com/pR0Ps/LocationShare,repositories/LocationShare,52
dftec-es/planetcon,https://github.com/dftec-es/planetcon,repositories/planetcon,11
saschpe/BirthdayCalendar,https://github.com/saschpe/BirthdayCalendar,repositories/BirthdayCalendar,213
EvanRespaut/Equate,https://github.com/EvanRespaut/Equate,repositories/Equate,395
alaskalinuxuser/app_hourglass,https://github.com/alaskalinuxuser/app_hourglass,repositories/app_hourglass,16
Neamar/KISS,https://github.com/Neamar/KISS,repositories/KISS,2974
qqq3/good-weather,https://github.com/qqq3/good-weather,repositories/good-weather,748
TripSit/tripmobile,https://github.com/TripSit/tripmobile,repositories/tripmobile,324
y20k/transistor,https://github.com/y20k/transistor,repositories/transistor,831
geecko86/QuickLyric,https://github.com/geecko86/QuickLyric,repositories/QuickLyric,979
richsmith/sexytopo,https://github.com/richsmith/sexytopo,repositories/sexytopo,268
icechen1/Notable,https://github.com/icechen1/Notable,repositories/Notable,26
quaap/SeafoodBerserker,https://github.com/quaap/SeafoodBerserker,repositories/SeafoodBerserker,122
Gittner/OSMBugs,https://github.com/Gittner/OSMBugs,repositories/OSMBugs,266
oliexdev/openScale,https://github.com/oliexdev/openScale,repositories/openScale,1356
termux/termux-widget,https://github.com/termux/termux-widget,repositories/termux-widget,42
guardianproject/ripple,https://github.com/guardianproject/ripple,repositories/ripple,100
termux/termux-float,https://github.com/termux/termux-float,repositories/termux-float,17
capitoledulibre/cdl-companion-android,https://github.com/capitoledulibre/cdl-companion-android,repositories/cdl-companion-android,358
gjedeer/mylocation,https://github.com/gjedeer/mylocation,repositories/mylocation,45
SecUSo/privacy-friendly-shopping-list,https://github.com/SecUSo/privacy-friendly-shopping-list,repositories/privacy-friendly-shopping-list,404
vanilla-music/vanilla-music-cover-fetch,https://github.com/vanilla-music/vanilla-music-cover-fetch,repositories/vanilla-music-cover-fetch,35
scoute-dich/K9-MailClient,https://github.com/scoute-dich/K9-MailClient,repositories/K9-MailClient,53
veniosg/Dir,https://github.com/veniosg/Dir,repositories/Dir,821
greenaddress/GreenBits,https://github.com/greenaddress/GreenBits,repositories/GreenBits,1966
flyve-mdm/android-inventory-agent/,https://github.com/flyve-mdm/android-inventory-agent/,repositories/android-inventory-agent/,700
marunjar/anewjkuapp,https://github.com/marunjar/anewjkuapp,repositories/anewjkuapp,983
anselm94/Torchie-Android,https://github.com/anselm94/Torchie-Android,repositories/Torchie-Android,135
WangDaYeeeeee/Mysplash,https://github.com/WangDaYeeeeee/Mysplash,repositories/Mysplash,176
DecentralizedAmateurPagingNetwork/DAPNETApp,https://github.com/DecentralizedAmateurPagingNetwork/DAPNETApp,repositories/DAPNETApp,216
butzist/ActivityLauncher,https://github.com/butzist/ActivityLauncher,repositories/ActivityLauncher,60
francescosoave/TIS_android,https://github.com/francescosoave/TIS_android,repositories/TIS_android,16
tranquvis/SimpleSmsRemote,https://github.com/tranquvis/SimpleSmsRemote,repositories/SimpleSmsRemote,257
RyuzakiKK/NoteCrypt,https://github.com/RyuzakiKK/NoteCrypt,repositories/NoteCrypt,96
h42i/d00r-app,https://github.com/h42i/d00r-app,repositories/d00r-app,8
westnordost/StreetComplete,https://github.com/westnordost/StreetComplete,repositories/StreetComplete,1514
linuxtage/glt-companion,https://github.com/linuxtage/glt-companion,repositories/glt-companion,374
gentlecat/Simple-Counter/,https://github.com/gentlecat/Simple-Counter/,repositories/Simple-Counter/,210
thuryn/your-local-weather,https://github.com/thuryn/your-local-weather,repositories/your-local-weather,3756
abrensch/brouter,https://github.com/abrensch/brouter,repositories/brouter,309
reloZid/android-anuto,https://github.com/reloZid/android-anuto,repositories/android-anuto,817
VREMSoftwareDevelopment/WifiAnalyzer,https://github.com/VREMSoftwareDevelopment/WifiAnalyzer,repositories/WifiAnalyzer,1271
domogik/domodroid,https://github.com/domogik/domodroid,repositories/domodroid,2022
mikifus/padland,https://github.com/mikifus/padland,repositories/padland,202
Sensirion/SmartGadget-Android,https://github.com/Sensirion/SmartGadget-Android,repositories/SmartGadget-Android,151
TobiasBielefeld/Simple-Solitaire,https://github.com/TobiasBielefeld/Simple-Solitaire,repositories/Simple-Solitaire,866
kaputnikGo/LittleSirEcho,https://github.com/kaputnikGo/LittleSirEcho,repositories/LittleSirEcho,10
meefik/busybox,https://github.com/meefik/busybox,repositories/busybox,110
SufficientlySecure/calendar-import-export,https://github.com/SufficientlySecure/calendar-import-export,repositories/calendar-import-export,296
vanilla-music/vanilla-music-tag-editor,https://github.com/vanilla-music/vanilla-music-tag-editor,repositories/vanilla-music-tag-editor,52
openintents/shoppinglist,https://github.com/openintents/shoppinglist,repositories/shoppinglist,493
rootkiwi/an2linuxclient,https://github.com/rootkiwi/an2linuxclient,repositories/an2linuxclient,61
janoliver/pOT-Droid,https://github.com/janoliver/pOT-Droid,repositories/pOT-Droid,582
shlusiak/Freebloks-Android,https://github.com/shlusiak/Freebloks-Android,repositories/Freebloks-Android,1006
rdoeffinger/Dictionary,https://github.com/rdoeffinger/Dictionary,repositories/Dictionary,638
brarcher/rental-calc,https://github.com/brarcher/rental-calc,repositories/rental-calc,175
vitas/beaconloc,https://github.com/vitas/beaconloc,repositories/beaconloc,90
dimtion/Shaarlier,https://github.com/dimtion/Shaarlier,repositories/Shaarlier,150
hypeapps/Endoscope,https://github.com/hypeapps/Endoscope,repositories/Endoscope,106
quaap/PhoneFoneFun,https://github.com/quaap/PhoneFoneFun,repositories/PhoneFoneFun,29
ccrama/Slide,https://github.com/ccrama/Slide,repositories/Slide,3656
afollestad/nock-nock,https://github.com/afollestad/nock-nock,repositories/nock-nock,52
raphaelm/c3nav-android/,https://github.com/raphaelm/c3nav-android/,repositories/c3nav-android/,76
nerzhul/ownCloud-SMS-App,https://github.com/nerzhul/ownCloud-SMS-App,repositories/ownCloud-SMS-App,576
aragaer/jtt_android,https://github.com/aragaer/jtt_android,repositories/jtt_android,574
openfoodfacts/openfoodfacts-androidapp,https://github.com/openfoodfacts/openfoodfacts-androidapp,repositories/openfoodfacts-androidapp,5091
vector-im/riot-android,https://github.com/vector-im/riot-android,repositories/riot-android,6199
ScreamingHawk/fate-sheets,https://github.com/ScreamingHawk/fate-sheets,repositories/fate-sheets,155
termux/termux-tasker,https://github.com/termux/termux-tasker,repositories/termux-tasker,22
mikljohansson/retroboy,https://github.com/mikljohansson/retroboy,repositories/retroboy,186
vuze/vuze-remote-for-android,https://github.com/vuze/vuze-remote-for-android,repositories/vuze-remote-for-android,41
genonbeta/TrebleShot,https://github.com/genonbeta/TrebleShot,repositories/TrebleShot,807
ciubex/dscautorename,https://github.com/ciubex/dscautorename,repositories/dscautorename,172
vanilla-music/vanilla-music-lyrics-search,https://github.com/vanilla-music/vanilla-music-lyrics-search,repositories/vanilla-music-lyrics-search,42
y20k/trackbook,https://github.com/y20k/trackbook,repositories/trackbook,224
stom79/mastalab,https://github.com/stom79/mastalab,repositories/mastalab,3785
quaap/BookyMcBookface,https://github.com/quaap/BookyMcBookface,repositories/BookyMcBookface,264
nextcloud/android,https://github.com/nextcloud/android,repositories/android,11789
no-go/AnotherRSS,https://github.com/no-go/AnotherRSS,repositories/AnotherRSS,42
axxapy/apkExtractor,https://github.com/axxapy/apkExtractor,repositories/apkExtractor,53
rascarlo/AURdroid,https://github.com/rascarlo/AURdroid,repositories/AURdroid,54
bpeel/prevo,https://github.com/bpeel/prevo,repositories/prevo,206
scoute-dich/Weather,https://github.com/scoute-dich/Weather,repositories/Weather,672
no-go/TextThing,https://github.com/no-go/TextThing,repositories/TextThing,48
takke/DataStats,https://github.com/takke/DataStats,repositories/DataStats,118
trezor/trezor-android,https://github.com/trezor/trezor-android,repositories/trezor-android,66
GunshipPenguin/open_flood,https://github.com/GunshipPenguin/open_flood,repositories/open_flood,138
cgogolin/library,https://github.com/cgogolin/library,repositories/library,114
nilesr/United4,https://github.com/nilesr/United4,repositories/United4,229
TTTDevs/NextCloudBookmarksAndroid,https://github.com/TTTDevs/NextCloudBookmarksAndroid,repositories/NextCloudBookmarksAndroid,16
tjg1/nori,https://github.com/tjg1/nori,repositories/nori,561
metinkale38/namaz-vakti-android,https://github.com/metinkale38/namaz-vakti-android,repositories/namaz-vakti-android,375
SecUSo/privacy-friendly-memo-game,https://github.com/SecUSo/privacy-friendly-memo-game,repositories/privacy-friendly-memo-game,92
mo271/guessaday,https://github.com/mo271/guessaday,repositories/guessaday,43
theScrabi/OCBookmarks,https://github.com/theScrabi/OCBookmarks,repositories/OCBookmarks,76
souch/SMP,https://github.com/souch/SMP,repositories/SMP,274
SecUSo/privacy-friendly-passwordgenerator,https://github.com/SecUSo/privacy-friendly-passwordgenerator,repositories/privacy-friendly-passwordgenerator,281
theScrabi/Terminightor,https://github.com/theScrabi/Terminightor,repositories/Terminightor,51
aario/killcamera,https://github.com/aario/killcamera,repositories/killcamera,16
gateship-one/odyssey,https://github.com/gateship-one/odyssey,repositories/odyssey,1122
owncloud/android/,https://github.com/owncloud/android/,repositories/android/,11789
jatwigg/cmus-android-remote,https://github.com/jatwigg/cmus-android-remote,repositories/cmus-android-remote,45
proninyaroslav/libretorrent,https://github.com/proninyaroslav/libretorrent,repositories/libretorrent,1
stefan-niedermann/nextcloud-notes,https://github.com/stefan-niedermann/nextcloud-notes,repositories/nextcloud-notes,498
chaosdorf/meteroid,https://github.com/chaosdorf/meteroid,repositories/meteroid,238
js-labs/ShellsMP,https://github.com/js-labs/ShellsMP,repositories/ShellsMP,43
SecUSo/privacy-friendly-sudoku,https://github.com/SecUSo/privacy-friendly-sudoku,repositories/privacy-friendly-sudoku,207
vackosar/search-based-launcher/,https://github.com/vackosar/search-based-launcher/,repositories/search-based-launcher/,255
brarcher/loyalty-card-locker,https://github.com/brarcher/loyalty-card-locker,repositories/loyalty-card-locker,452
PowerInside/syncplayer,https://github.com/PowerInside/syncplayer,repositories/syncplayer,42
httpdispatch/MissedNotificationsReminder,https://github.com/httpdispatch/MissedNotificationsReminder,repositories/MissedNotificationsReminder,57
rignaneseleo/SlimSocial-for-Facebook,https://github.com/rignaneseleo/SlimSocial-for-Facebook,repositories/SlimSocial-for-Facebook,172
xbmc/Kore,https://github.com/xbmc/Kore,repositories/Kore,719
schnatterer/nusic,https://github.com/schnatterer/nusic,repositories/nusic,680
tejado/Authorizer,https://github.com/tejado/Authorizer,repositories/Authorizer,1339
CityZenApp/Android-Development,https://github.com/CityZenApp/Android-Development,repositories/Android-Development,327
franciscofranco/Simple-Reboot-app,https://github.com/franciscofranco/Simple-Reboot-app,repositories/Simple-Reboot-app,16
mosmetro-android/mosmetro-android,https://github.com/mosmetro-android/mosmetro-android,repositories/mosmetro-android,1042
vishesh/sealnote,https://github.com/vishesh/sealnote,repositories/sealnote,337
openfoodfacts/openfoodfacts-androidapp,https://github.com/openfoodfacts/openfoodfacts-androidapp,repositories/openfoodfacts-androidapp,5091
jonan/ForkHub,https://github.com/jonan/ForkHub,repositories/ForkHub,2849
biylda/WhereYouGo,https://github.com/biylda/WhereYouGo,repositories/WhereYouGo,224
wizmer/syncorg,https://github.com/wizmer/syncorg,repositories/syncorg,1361
asnelt/derandom,https://github.com/asnelt/derandom,repositories/derandom,14
manuelsc/Lunary-Ethereum-Wallet,https://github.com/manuelsc/Lunary-Ethereum-Wallet,repositories/Lunary-Ethereum-Wallet,82
etesync/android,https://github.com/etesync/android,repositories/android,11789
graham22/Classic,https://github.com/graham22/Classic,repositories/Classic,120
VladThodo/behe-keyboard,https://github.com/VladThodo/behe-keyboard,repositories/behe-keyboard,63
ndleyton/OneTwo,https://github.com/ndleyton/OneTwo,repositories/OneTwo,62
alaskalinuxuser/app_justnotes,https://github.com/alaskalinuxuser/app_justnotes,repositories/app_justnotes,16
42SK/TVKILL,https://github.com/42SK/TVKILL,repositories/TVKILL,92
lexica/lexica,https://github.com/lexica/lexica,repositories/lexica,218
openintents/flashlight,https://github.com/openintents/flashlight,repositories/flashlight,73
farmerbb/Taskbar,https://github.com/farmerbb/Taskbar,repositories/Taskbar,742
citiususc/calendula,https://github.com/citiususc/calendula,repositories/calendula,1383
no-go/ViboraFeed,https://github.com/no-go/ViboraFeed,repositories/ViboraFeed,36
EXL/Snooder21,https://github.com/EXL/Snooder21,repositories/Snooder21,53
jonasoreland/runnerup/,https://github.com/jonasoreland/runnerup/,repositories/runnerup/,2561
microg/android_packages_apps_UnifiedNlp,https://github.com/microg/android_packages_apps_UnifiedNlp,repositories/android_packages_apps_UnifiedNlp,223
brarcher/gift-card-guard,https://github.com/brarcher/gift-card-guard,repositories/gift-card-guard,121
Kestutis-Z/World-Weather,https://github.com/Kestutis-Z/World-Weather,repositories/World-Weather,277
dkim0419/SoundRecorder,https://github.com/dkim0419/SoundRecorder,repositories/SoundRecorder,80
seizonsenryaku/HayaiLauncher,https://github.com/seizonsenryaku/HayaiLauncher,repositories/HayaiLauncher,371
segler-alex/RadioDroid,https://github.com/segler-alex/RadioDroid,repositories/RadioDroid,625
fython/Blackbulb,https://github.com/fython/Blackbulb,repositories/Blackbulb,143
fossasia/open-event-android,https://github.com/fossasia/open-event-android,repositories/open-event-android,311
aravindsagar/ScreenShift,https://github.com/aravindsagar/ScreenShift,repositories/ScreenShift,35
openfoodfacts/openfoodfacts-androidapp,https://github.com/openfoodfacts/openfoodfacts-androidapp,repositories/openfoodfacts-androidapp,5091
milesmcc/LibreNews-Android,https://github.com/milesmcc/LibreNews-Android,repositories/LibreNews-Android,52
CriticalMaps/criticalmaps-android,https://github.com/CriticalMaps/criticalmaps-android,repositories/criticalmaps-android,871
gsantner/kimai-android,https://github.com/gsantner/kimai-android,repositories/kimai-android,101
theScrabi/OCBookmarks,https://github.com/theScrabi/OCBookmarks,repositories/OCBookmarks,76
termux/termux-api,https://github.com/termux/termux-api,repositories/termux-api,192
scoute-dich/Sieben,https://github.com/scoute-dich/Sieben,repositories/Sieben,55
gstraube/cythara,https://github.com/gstraube/cythara,repositories/cythara,267
markusfisch/ShaderEditor,https://github.com/markusfisch/ShaderEditor,repositories/ShaderEditor,479
LukeStonehm/LogicalDefence,https://github.com/LukeStonehm/LogicalDefence,repositories/LogicalDefence,186
alijc/CricketsAlarm,https://github.com/alijc/CricketsAlarm,repositories/CricketsAlarm,16
durka/HallMonitor,https://github.com/durka/HallMonitor,repositories/HallMonitor,225
erickok/transdroid,https://github.com/erickok/transdroid,repositories/transdroid,593
phunehehe/fooCam,https://github.com/phunehehe/fooCam,repositories/fooCam,81
threedliteguy/UhLocationReportingService,https://github.com/threedliteguy/UhLocationReportingService,repositories/UhLocationReportingService,5
grote/BlitzMail,https://github.com/grote/BlitzMail,repositories/BlitzMail,102
taky/effy,https://github.com/taky/effy,repositories/effy,83
boztalay/PuppyFrame,https://github.com/boztalay/PuppyFrame,repositories/PuppyFrame,40
pejic/Summation,https://github.com/pejic/Summation,repositories/Summation,32
anupam1525/AcrylicPaint,https://github.com/anupam1525/AcrylicPaint,repositories/AcrylicPaint,3
alt236/Android-Drawables---Android,https://github.com/alt236/Android-Drawables---Android,repositories/Android-Drawables---Android,44
headrevision/BehatReporter,https://github.com/headrevision/BehatReporter,repositories/BehatReporter,27
dynalogin/dynalogin-android,https://github.com/dynalogin/dynalogin-android,repositories/dynalogin-android,6
mathbellev/StdAtmosphere,https://github.com/mathbellev/StdAtmosphere,repositories/StdAtmosphere,10
dnet/adsdroid,https://github.com/dnet/adsdroid,repositories/adsdroid,65
OEP/rainwave-android,https://github.com/OEP/rainwave-android,repositories/rainwave-android,319
jufickel/rdt,https://github.com/jufickel/rdt,repositories/rdt,10
yuttadhammo/E-Tipitaka-for-Android,https://github.com/yuttadhammo/E-Tipitaka-for-Android,repositories/E-Tipitaka-for-Android,95
cbeyls/fosdem-companion-android,https://github.com/cbeyls/fosdem-companion-android,repositories/fosdem-companion-android,343
Smerty/zooborns.android,https://github.com/Smerty/zooborns.android,repositories/zooborns.android,92
billthefarmer/tuner,https://github.com/billthefarmer/tuner,repositories/tuner,210
hgdev-ch/toposuite-android,https://github.com/hgdev-ch/toposuite-android,repositories/toposuite-android,2031
AndlyticsProject/andlytics,https://github.com/AndlyticsProject/andlytics,repositories/andlytics,1522
devonjones/PathfinderOpenReference,https://github.com/devonjones/PathfinderOpenReference,repositories/PathfinderOpenReference,249
cmykola/Lexin,https://github.com/cmykola/Lexin,repositories/Lexin,58
ZorgeR/nanoConverter,https://github.com/ZorgeR/nanoConverter,repositories/nanoConverter,29
ValleZ/Paper-Wallet,https://github.com/ValleZ/Paper-Wallet,repositories/Paper-Wallet,224
ojacquemart/vlilleChecker,https://github.com/ojacquemart/vlilleChecker,repositories/vlilleChecker,380
gwhiteside/abstract-art,https://github.com/gwhiteside/abstract-art,repositories/abstract-art,166
yhcting/netmbuddy,https://github.com/yhcting/netmbuddy,repositories/netmbuddy,472
arifhn/nstools,https://github.com/arifhn/nstools,repositories/nstools,175
koelleChristian/trickytripper,https://github.com/koelleChristian/trickytripper,repositories/trickytripper,287
mjdenham/and-bible,https://github.com/mjdenham/and-bible,repositories/and-bible,2831
rafi-kamal/Bangla-Dictionary,https://github.com/rafi-kamal/Bangla-Dictionary,repositories/Bangla-Dictionary,36
vx/connectbot,https://github.com/vx/connectbot,repositories/connectbot,739
irssiconnectbot/irssiconnectbot,https://github.com/irssiconnectbot/irssiconnectbot,repositories/irssiconnectbot,586
concentricsky/android-viewer-for-khan-academy,https://github.com/concentricsky/android-viewer-for-khan-academy,repositories/android-viewer-for-khan-academy,4
chemicalappspace/Isotopes,https://github.com/chemicalappspace/Isotopes,repositories/Isotopes,21
xgouchet/Ted,https://github.com/xgouchet/Ted,repositories/Ted,42
DocSalvi/LinuxDayAppAndroid,https://github.com/DocSalvi/LinuxDayAppAndroid,repositories/LinuxDayAppAndroid,40
yourealwaysbe/teacup,https://github.com/yourealwaysbe/teacup,repositories/teacup,121
QuantumBadger/RedReader,https://github.com/QuantumBadger/RedReader,repositories/RedReader,1254
klassm/andFHEM,https://github.com/klassm/andFHEM,repositories/andFHEM,2682
ultramega/elementary,https://github.com/ultramega/elementary,repositories/elementary,502
slapperwan/gh4a,https://github.com/slapperwan/gh4a,repositories/gh4a,2602
romario333/opensudoku,https://github.com/romario333/opensudoku,repositories/opensudoku,241
qii/weiciyuan,https://github.com/qii/weiciyuan,repositories/weiciyuan,3128
czlee/debatekeeper,https://github.com/czlee/debatekeeper,repositories/debatekeeper,622
mick88/filemanager,https://github.com/mick88/filemanager,repositories/filemanager,226
ginkel/hashit,https://github.com/ginkel/hashit,repositories/hashit,117
bpellin/keepassdroid,https://github.com/bpellin/keepassdroid,repositories/keepassdroid,1041
LittleFox94/PGPAuth,https://github.com/LittleFox94/PGPAuth,repositories/PGPAuth,79
maxfierke/sandwichroulette,https://github.com/maxfierke/sandwichroulette,repositories/sandwichroulette,6
j4velin/SystemAppMover,https://github.com/j4velin/SystemAppMover,repositories/SystemAppMover,67
andybotting/tramhunter,https://github.com/andybotting/tramhunter,repositories/tramhunter,288
danieloeh/AntennaPod,https://github.com/danieloeh/AntennaPod,repositories/AntennaPod,4591
aarddict/android,https://github.com/aarddict/android,repositories/android,11789
nephoapp/anarxiv,https://github.com/nephoapp/anarxiv,repositories/anarxiv,54
geometer/FBReaderJ,https://github.com/geometer/FBReaderJ,repositories/FBReaderJ,9034
Pansanel/cetoolbox,https://github.com/Pansanel/cetoolbox,repositories/cetoolbox,40
feelinglucky/Presentation,https://github.com/feelinglucky/Presentation,repositories/Presentation,33
open-keychain/open-keychain,https://github.com/open-keychain/open-keychain,repositories/open-keychain,7094
ankidroid/Anki-Android,https://github.com/ankidroid/Anki-Android,repositories/Anki-Android,8898
fivasim/Antikythera-Simulation,https://github.com/fivasim/Antikythera-Simulation,repositories/Antikythera-Simulation,3
Tyde/TuCanMobile,https://github.com/Tyde/TuCanMobile,repositories/TuCanMobile,316
dennischen/daily-money,https://github.com/dennischen/daily-money,repositories/daily-money,176
hwki/SimpleBitcoinWidget,https://github.com/hwki/SimpleBitcoinWidget,repositories/SimpleBitcoinWidget,123
zikalify/BMI_Calculator,https://github.com/zikalify/BMI_Calculator,repositories/BMI_Calculator,28
roelb/Simple-C25K,https://github.com/roelb/Simple-C25K,repositories/Simple-C25K,45
yuttadhammo/BodhiTimer,https://github.com/yuttadhammo/BodhiTimer,repositories/BodhiTimer,9
yanchenko/droidparts-battery-widget,https://github.com/yanchenko/droidparts-battery-widget,repositories/droidparts-battery-widget,11
lordi/tickmate,https://github.com/lordi/tickmate,repositories/tickmate,399
dougkeen/BartRunnerAndroid,https://github.com/dougkeen/BartRunnerAndroid,repositories/BartRunnerAndroid,204
ybonnel/TransportsRennes,https://github.com/ybonnel/TransportsRennes,repositories/TransportsRennes,1307
danielme-com/Muspy-for-Android,https://github.com/danielme-com/Muspy-for-Android,repositories/Muspy-for-Android,82
zagaberoo/diode,https://github.com/zagaberoo/diode,repositories/diode,972
monakhv/samlib-Info,https://github.com/monakhv/samlib-Info,repositories/samlib-Info,738
jagossel/MovingPolygons,https://github.com/jagossel/MovingPolygons,repositories/MovingPolygons,80
plusonelabs/calendar-widget,https://github.com/plusonelabs/calendar-widget,repositories/calendar-widget,415
alterechtschreibung/MonthCalendarWidget2FOSS,https://github.com/alterechtschreibung/MonthCalendarWidget2FOSS,repositories/MonthCalendarWidget2FOSS,9
illarionov/RtkGps,https://github.com/illarionov/RtkGps,repositories/RtkGps,75
asksven/BetterBatteryStats,https://github.com/asksven/BetterBatteryStats,repositories/BetterBatteryStats,209
bvalosek/cpuspy,https://github.com/bvalosek/cpuspy,repositories/cpuspy,73
sanbeg/flashlight,https://github.com/sanbeg/flashlight,repositories/flashlight,73
intrications/intent-intercept,https://github.com/intrications/intent-intercept,repositories/intent-intercept,138
mozilla/MozStumbler,https://github.com/mozilla/MozStumbler,repositories/MozStumbler,2698
domoritz/open-mensa-android,https://github.com/domoritz/open-mensa-android,repositories/open-mensa-android,170
OpenWatch/OpenWatch-Android,https://github.com/OpenWatch/OpenWatch-Android,repositories/OpenWatch-Android,438
cybro/PalmCalc,https://github.com/cybro/PalmCalc,repositories/PalmCalc,9
xargsgrep/PortKnocker,https://github.com/xargsgrep/PortKnocker,repositories/PortKnocker,175
DamienOReilly/PrepayCredit,https://github.com/DamienOReilly/PrepayCredit,repositories/PrepayCredit,49
wolpi/prim-ftpd,https://github.com/wolpi/prim-ftpd,repositories/prim-ftpd,549
lpar/RPN,https://github.com/lpar/RPN,repositories/RPN,37
mportuesisf/ScreenInfo,https://github.com/mportuesisf/ScreenInfo,repositories/ScreenInfo,54
gokhanmoral/STweaks,https://github.com/gokhanmoral/STweaks,repositories/STweaks,8
Vilbrekin/tinc_gui,https://github.com/Vilbrekin/tinc_gui,repositories/tinc_gui,81
adrian/upm-android,https://github.com/adrian/upm-android,repositories/upm-android,132
mafrosis/Wake-On-Lan,https://github.com/mafrosis/Wake-On-Lan,repositories/Wake-On-Lan,129
MiCode/FileExplorer,https://github.com/MiCode/FileExplorer,repositories/FileExplorer,53
ambrice/timesheet,https://github.com/ambrice/timesheet,repositories/timesheet,45
daryldy/Heart,https://github.com/daryldy/Heart,repositories/Heart,106
onyxbits/pocketbandit,https://github.com/onyxbits/pocketbandit,repositories/pocketbandit,81
thialfihar/apg,https://github.com/thialfihar/apg,repositories/apg,4367
cernekee/ics-openconnect,https://github.com/cernekee/ics-openconnect,repositories/ics-openconnect,1004
raphaelm/opacclient,https://github.com/raphaelm/opacclient,repositories/opacclient,3815
cgeo/c-geo-opensource,https://github.com/cgeo/c-geo-opensource,repositories/c-geo-opensource,11220
inguin/moneybalance,https://github.com/inguin/moneybalance,repositories/moneybalance,72
mannd/epmobile,https://github.com/mannd/epmobile,repositories/epmobile,689
phw/PicardBarcodeScanner,https://github.com/phw/PicardBarcodeScanner,repositories/PicardBarcodeScanner,44
manmal/hn-android,https://github.com/manmal/hn-android,repositories/hn-android,306
ParanoidAndroid/android_packages_apps_ParanoidWallpapers,https://github.com/ParanoidAndroid/android_packages_apps_ParanoidWallpapers,repositories/android_packages_apps_ParanoidWallpapers,35
romannurik/muzei,https://github.com/romannurik/muzei,repositories/muzei,1862
MohammadAdib/RoundR,https://github.com/MohammadAdib/RoundR,repositories/RoundR,45
eleybourn/Book-Catalogue,https://github.com/eleybourn/Book-Catalogue,repositories/Book-Catalogue,1326
ebraminio/DroidPersianCalendar,https://github.com/ebraminio/DroidPersianCalendar,repositories/DroidPersianCalendar,2024
azapps/mirakel-dashclock,https://github.com/azapps/mirakel-dashclock,repositories/mirakel-dashclock,51
dmfs/tasks,https://github.com/dmfs/tasks,repositories/tasks,734
mobilepearls/com.mobilepearls.sokoban,https://github.com/mobilepearls/com.mobilepearls.sokoban,repositories/com.mobilepearls.sokoban,14
SimonMarquis/Android-PreferencesManager,https://github.com/SimonMarquis/Android-PreferencesManager,repositories/Android-PreferencesManager,196
jackpal/Android-Terminal-Emulator,https://github.com/jackpal/Android-Terminal-Emulator,repositories/Android-Terminal-Emulator,1038
AnySoftKeyboard/AnySoftKeyboard,https://github.com/AnySoftKeyboard/AnySoftKeyboard,repositories/AnySoftKeyboard,4274
asksven/BetterWifiOnOff,https://github.com/asksven/BetterWifiOnOff,repositories/BetterWifiOnOff,286
adrian-bl/bl-battstatus-android,https://github.com/adrian-bl/bl-battstatus-android,repositories/bl-battstatus-android,117
nolanlawson/Catlog,https://github.com/nolanlawson/Catlog,repositories/Catlog,347
uberspot/DebianDroid,https://github.com/uberspot/DebianDroid,repositories/DebianDroid,153
f2prateek/Device-Frame-Generator,https://github.com/f2prateek/Device-Frame-Generator,repositories/Device-Frame-Generator,396
kibab/encpasschanger,https://github.com/kibab/encpasschanger,repositories/encpasschanger,11
namsor/gendreapp,https://github.com/namsor/gendreapp,repositories/gendreapp,38
nolanlawson/KeepScore,https://github.com/nolanlawson/KeepScore,repositories/KeepScore,520
msemm/Keypad-Mapper-3,https://github.com/msemm/Keypad-Mapper-3,repositories/Keypad-Mapper-3,5
hauckwill/linconnect-client,https://github.com/hauckwill/linconnect-client,repositories/linconnect-client,17
onyxbits/listmyaps,https://github.com/onyxbits/listmyaps,repositories/listmyaps,112
dschuermann/ntp-sync,https://github.com/dschuermann/ntp-sync,repositories/ntp-sync,124
eolwral/OSMonitor,https://github.com/eolwral/OSMonitor,repositories/OSMonitor,353
jberkel/sms-backup-plus,https://github.com/jberkel/sms-backup-plus,repositories/sms-backup-plus,1715
momodalo/vimtouch,https://github.com/momodalo/vimtouch,repositories/vimtouch,363
Yubico/yubioath-android,https://github.com/Yubico/yubioath-android,repositories/yubioath-android,357
jarofgreen/Just-A-Damn-Compass,https://github.com/jarofgreen/Just-A-Damn-Compass,repositories/Just-A-Damn-Compass,6
nguillaumin/osmtracker-android,https://github.com/nguillaumin/osmtracker-android,repositories/osmtracker-android,432
Shahul3D/IndiaSatelliteWeather,https://github.com/Shahul3D/IndiaSatelliteWeather,repositories/IndiaSatelliteWeather,215
iFixit/iFixitAndroid,https://github.com/iFixit/iFixitAndroid,repositories/iFixitAndroid,2630
grote/Liberario,https://github.com/grote/Liberario,repositories/Liberario,1119
daj/flashback,https://github.com/daj/flashback,repositories/flashback,19
k9mail/k-9,https://github.com/k9mail/k-9,repositories/k-9,8089
joanpuigsanz/servdroid,https://github.com/joanpuigsanz/servdroid,repositories/servdroid,70
ubergeek42/weechat-android,https://github.com/ubergeek42/weechat-android,repositories/weechat-android,893
TKJElectronics/BalanduinoAndroidApp,https://github.com/TKJElectronics/BalanduinoAndroidApp,repositories/BalanduinoAndroidApp,376
withad/Mandelbrot-Maps-on-Android,https://github.com/withad/Mandelbrot-Maps-on-Android,repositories/Mandelbrot-Maps-on-Android,352
nolanlawson/JapaneseNameConverterRoot,https://github.com/nolanlawson/JapaneseNameConverterRoot,repositories/JapaneseNameConverterRoot,9
ShaneQful/Jupiter-Broadcasting-Android-App,https://github.com/ShaneQful/Jupiter-Broadcasting-Android-App,repositories/Jupiter-Broadcasting-Android-App,42
veken0m/bitcoinium,https://github.com/veken0m/bitcoinium,repositories/bitcoinium,518
codinguser/gnucash-android,https://github.com/codinguser/gnucash-android,repositories/gnucash-android,1728
mtotschnig/MyExpenses,https://github.com/mtotschnig/MyExpenses,repositories/MyExpenses,6943
bagilevi/android-pedometer,https://github.com/bagilevi/android-pedometer,repositories/android-pedometer,68
ghackett/AppAlarm,https://github.com/ghackett/AppAlarm,repositories/AppAlarm,8
ralphleon/TeaTimer,https://github.com/ralphleon/TeaTimer,repositories/TeaTimer,71
wdkapps/FillUp,https://github.com/wdkapps/FillUp,repositories/FillUp,15
nikclayton/android-squeezer,https://github.com/nikclayton/android-squeezer,repositories/android-squeezer,1412
MiCode/SoundRecorder,https://github.com/MiCode/SoundRecorder,repositories/SoundRecorder,80
daneren2005/Subsonic,https://github.com/daneren2005/Subsonic,repositories/Subsonic,3834
billthefarmer/accordion,https://github.com/billthefarmer/accordion,repositories/accordion,94
micwallace/reddinator,https://github.com/micwallace/reddinator,repositories/reddinator,357
ghisguth/blurred-lines-live,https://github.com/ghisguth/blurred-lines-live,repositories/blurred-lines-live,19
PuZZleDucK/Orbital-Live-Wallpaper,https://github.com/PuZZleDucK/Orbital-Live-Wallpaper,repositories/Orbital-Live-Wallpaper,100
netmackan/ATimeTracker,https://github.com/netmackan/ATimeTracker,repositories/ATimeTracker,132
dschuermann/birthday-adapter,https://github.com/dschuermann/birthday-adapter,repositories/birthday-adapter,244
maxpower47/PinDroid,https://github.com/maxpower47/PinDroid,repositories/PinDroid,941
tinkerlog/PongTime,https://github.com/tinkerlog/PongTime,repositories/PongTime,9
sismics/reader,https://github.com/sismics/reader,repositories/reader,689
onyxbits/remotekeyboard,https://github.com/onyxbits/remotekeyboard,repositories/remotekeyboard,93
chibibi/simpleDeadlines,https://github.com/chibibi/simpleDeadlines,repositories/simpleDeadlines,191
uberspot/2048-android,https://github.com/uberspot/2048-android,repositories/2048-android,80
scoutant/blokish,https://github.com/scoutant/blokish,repositories/blokish,100
tsapree/L9Droid,https://github.com/tsapree/L9Droid,repositories/L9Droid,317
ukanth/afwall,https://github.com/ukanth/afwall,repositories/afwall,1474
yuriykulikov/AlarmClock,https://github.com/yuriykulikov/AlarmClock,repositories/AlarmClock,1622
ilijamt/android-adbm,https://github.com/ilijamt/android-adbm,repositories/android-adbm,143
phw/Android-PwdHash,https://github.com/phw/Android-PwdHash,repositories/Android-PwdHash,147
Sash0k/bluetooth-spp-terminal,https://github.com/Sash0k/bluetooth-spp-terminal,repositories/bluetooth-spp-terminal,32
felixb/callmeter,https://github.com/felixb/callmeter,repositories/callmeter,2289
kaytdek/ColorNamer,https://github.com/kaytdek/ColorNamer,repositories/ColorNamer,47
MiCode/Compass,https://github.com/MiCode/Compass,repositories/Compass,4
dschuermann/faster-gps,https://github.com/dschuermann/faster-gps,repositories/faster-gps,105
jakebasile/hearing-saver,https://github.com/jakebasile/hearing-saver,repositories/hearing-saver,76
ikarus23/MifareClassicTool,https://github.com/ikarus23/MifareClassicTool,repositories/MifareClassicTool,640
fixme-lausanne/MyHackerspace,https://github.com/fixme-lausanne/MyHackerspace,repositories/MyHackerspace,407
hrk/no-frills-cpu-classic,https://github.com/hrk/no-frills-cpu-classic,repositories/no-frills-cpu-classic,38
lkorth/screen-notifications,https://github.com/lkorth/screen-notifications,repositories/screen-notifications,242
project-voodoo/simple_carrieriq_detector_app,https://github.com/project-voodoo/simple_carrieriq_detector_app,repositories/simple_carrieriq_detector_app,48
robert7k/sipswitch,https://github.com/robert7k/sipswitch,repositories/sipswitch,73
tananaev/traccar-client-android,https://github.com/tananaev/traccar-client-android,repositories/traccar-client-android,334
Softcatala/TraductorSoftcatalaAndroid,https://github.com/Softcatala/TraductorSoftcatalaAndroid,repositories/TraductorSoftcatalaAndroid,127
pilot51/voicenotify,https://github.com/pilot51/voicenotify,repositories/voicenotify,189
rahulaga/WorldClock,https://github.com/rahulaga/WorldClock,repositories/WorldClock,30
restorer/Gloomy-Dungeons-3D,https://github.com/restorer/Gloomy-Dungeons-3D,repositories/Gloomy-Dungeons-3D,55
vocollapse/Blockinger,https://github.com/vocollapse/Blockinger,repositories/Blockinger,75
uberspot/AnagramSolver,https://github.com/uberspot/AnagramSolver,repositories/AnagramSolver,50
geometer/FBReaderJ-plugin-local-opds-scanner,https://github.com/geometer/FBReaderJ-plugin-local-opds-scanner,repositories/FBReaderJ-plugin-local-opds-scanner,13
szym/barnacle,https://github.com/szym/barnacle,repositories/barnacle,7
rigid/Birthdroid,https://github.com/rigid/Birthdroid,repositories/Birthdroid,63
anthonycr/Lightning-Browser,https://github.com/anthonycr/Lightning-Browser,repositories/Lightning-Browser,1874
guardianproject/orweb,https://github.com/guardianproject/orweb,repositories/orweb,157
firetech/PactrackDroid,https://github.com/firetech/PactrackDroid,repositories/PactrackDroid,187
redsolution/xabber-android,https://github.com/redsolution/xabber-android,repositories/xabber-android,3139
TCA-Team/TumCampusApp,https://github.com/TCA-Team/TumCampusApp,repositories/TumCampusApp,2481
ge0rg/gamemasterdice,https://github.com/ge0rg/gamemasterdice,repositories/gamemasterdice,58
Xlythe/MinecraftClock,https://github.com/Xlythe/MinecraftClock,repositories/MinecraftClock,8
GiorgioRegni/Binaural-Beats,https://github.com/GiorgioRegni/Binaural-Beats,repositories/Binaural-Beats,119
mehmetakiftutuncu/eshotroid,https://github.com/mehmetakiftutuncu/eshotroid,repositories/eshotroid,21
osmandapp/Osmand,https://github.com/osmandapp/Osmand,repositories/Osmand,52128
jpeddicord/speedofsound,https://github.com/jpeddicord/speedofsound,repositories/speedofsound,232
adrian-bl/vanilla,https://github.com/adrian-bl/vanilla,repositories/vanilla,2
JesusFreke/Penroser,https://github.com/JesusFreke/Penroser,repositories/Penroser,147
jruesga/PhotoPhase,https://github.com/jruesga/PhotoPhase,repositories/PhotoPhase,557
vomitcuddle/nori,https://github.com/vomitcuddle/nori,repositories/nori,561
BrandroidTools/OpenExplorer,https://github.com/BrandroidTools/OpenExplorer,repositories/OpenExplorer,1669
sudowars/sudowars,https://github.com/sudowars/sudowars,repositories/sudowars,120
andstatus/andstatus,https://github.com/andstatus/andstatus,repositories/andstatus,2071
wordpress-mobile/WordPress-Android,https://github.com/wordpress-mobile/WordPress-Android,repositories/WordPress-Android,32866
YerayAlonso/LligaIntermunicipal,https://github.com/YerayAlonso/LligaIntermunicipal,repositories/LligaIntermunicipal,11
jecelyin/920-Text-Editor,https://github.com/jecelyin/920-Text-Editor,repositories/920-Text-Editor,20
nexes/Android-File-Manager,https://github.com/nexes/Android-File-Manager,repositories/Android-File-Manager,100
fmetzger/android-sensorium,https://github.com/fmetzger/android-sensorium,repositories/android-sensorium,218
ksksue/Android-USB-Serial-Monitor-Lite,https://github.com/ksksue/Android-USB-Serial-Monitor-Lite,repositories/Android-USB-Serial-Monitor-Lite,50
litrik/be.norio.randomapp,https://github.com/litrik/be.norio.randomapp,repositories/be.norio.randomapp,6
tillwoerner/BrightnessWidget,https://github.com/tillwoerner/BrightnessWidget,repositories/BrightnessWidget,17
jochem88/clean-calculator,https://github.com/jochem88/clean-calculator,repositories/clean-calculator,22
pejic/EasyDice,https://github.com/pejic/EasyDice,repositories/EasyDice,131
herrlado/GeorgianFonts,https://github.com/herrlado/GeorgianFonts,repositories/GeorgianFonts,28
borneq/HereGPSLocation,https://github.com/borneq/HereGPSLocation,repositories/HereGPSLocation,24
mtotschnig/SendWithFtp,https://github.com/mtotschnig/SendWithFtp,repositories/SendWithFtp,74
onyxbits/sensorreadout,https://github.com/onyxbits/sensorreadout,repositories/sensorreadout,92
Buttink/sick-stache,https://github.com/Buttink/sick-stache,repositories/sick-stache,101
koush/Superuser,https://github.com/koush/Superuser,repositories/Superuser,653
wiglenet/wigle-wifi-wardriving,https://github.com/wiglenet/wigle-wifi-wardriving,repositories/wigle-wifi-wardriving,1407
sozialhelden/wheelmap-android,https://github.com/sozialhelden/wheelmap-android,repositories/wheelmap-android,2008
MazeChaZer/WoT-Tank-Quiz,https://github.com/MazeChaZer/WoT-Tank-Quiz,repositories/WoT-Tank-Quiz,61
john-tornblom/TVHGuide,https://github.com/john-tornblom/TVHGuide,repositories/TVHGuide,364
dozingcat/Vector-Pinball,https://github.com/dozingcat/Vector-Pinball,repositories/Vector-Pinball,127
geometer/FBReaderJ-plugin-tts,https://github.com/geometer/FBReaderJ-plugin-tts,repositories/FBReaderJ-plugin-tts,49
gregko/TtsPlus-FBReader,https://github.com/gregko/TtsPlus-FBReader,repositories/TtsPlus-FBReader,137
robotmedia/droid-comic-viewer,https://github.com/robotmedia/droid-comic-viewer,repositories/droid-comic-viewer,75
softgearko/MultiPing-for-Android,https://github.com/softgearko/MultiPing-for-Android,repositories/MultiPing-for-Android,16
Anasthase/TintBrowserAdblockAddon,https://github.com/Anasthase/TintBrowserAdblockAddon,repositories/TintBrowserAdblockAddon,22
pocmo/Yaaic,https://github.com/pocmo/Yaaic,repositories/Yaaic,1066
ge0rg/yaxim,https://github.com/ge0rg/yaxim,repositories/yaxim,1256
liato/android-bankdroid,https://github.com/liato/android-bankdroid,repositories/android-bankdroid,1325
niteshpatel/ministocks,https://github.com/niteshpatel/ministocks,repositories/ministocks,253
mboesling/HydroMemo,https://github.com/mboesling/HydroMemo,repositories/HydroMemo,13
zxing/zxing,https://github.com/zxing/zxing,repositories/zxing,3480
bherrmann7/Car-Cast,https://github.com/bherrmann7/Car-Cast,repositories/Car-Cast,274
billthefarmer/melodeon,https://github.com/billthefarmer/melodeon,repositories/melodeon,64
tobykurien/GoogleNews,https://github.com/tobykurien/GoogleNews,repositories/GoogleNews,90
SimonMarquis/Android-SecretCodes,https://github.com/SimonMarquis/Android-SecretCodes,repositories/Android-SecretCodes,75
marin-liovic/Fast-Brightness-Control-Widget,https://github.com/marin-liovic/Fast-Brightness-Control-Widget,repositories/Fast-Brightness-Control-Widget,14
lllllT/MultiPictureLiveWallpaper,https://github.com/lllllT/MultiPictureLiveWallpaper,repositories/MultiPictureLiveWallpaper,250
dozingcat/AsciiCam,https://github.com/dozingcat/AsciiCam,repositories/AsciiCam,54
lightbox/QuickSnap,https://github.com/lightbox/QuickSnap,repositories/QuickSnap,6
duncanje/android-open-wifi-network-remover,https://github.com/duncanje/android-open-wifi-network-remover,repositories/android-open-wifi-network-remover,114
acl33/AndroidDasher,https://github.com/acl33/AndroidDasher,repositories/AndroidDasher,329
MirakelX/mirakel-android,https://github.com/MirakelX/mirakel-android,repositories/mirakel-android,3722
sukso96100/SidePanel,https://github.com/sukso96100/SidePanel,repositories/SidePanel,66
paulmach/Text-Edit-for-Android,https://github.com/paulmach/Text-Edit-for-Android,repositories/Text-Edit-for-Android,10
jamienicol/episodes,https://github.com/jamienicol/episodes,repositories/episodes,264
velazcod/Tinfoil-Facebook,https://github.com/velazcod/Tinfoil-Facebook,repositories/Tinfoil-Facebook,308
moparisthebest/AppBak,https://github.com/moparisthebest/AppBak,repositories/AppBak,2
lllllT/AtmosphereLogger,https://github.com/lllllT/AtmosphereLogger,repositories/AtmosphereLogger,65
guardianproject/cacert,https://github.com/guardianproject/cacert,repositories/cacert,74
Smerty/ham.android,https://github.com/Smerty/ham.android,repositories/ham.android,87
abcdjdj/RootVerifier-APP,https://github.com/abcdjdj/RootVerifier-APP,repositories/RootVerifier-APP,94
sheimi/SGit,https://github.com/sheimi/SGit,repositories/SGit,401
vmihalachi/turbo-editor,https://github.com/vmihalachi/turbo-editor,repositories/turbo-editor,80
j4velin/WiFi-Auto-Off,https://github.com/j4velin/WiFi-Auto-Off,repositories/WiFi-Auto-Off,246
hmrocha/wifiwidget,https://github.com/hmrocha/wifiwidget,repositories/wifiwidget,3
Chluverman/android-gltron,https://github.com/Chluverman/android-gltron,repositories/android-gltron,15
niparasc/papanikolis-submarine,https://github.com/niparasc/papanikolis-submarine,repositories/papanikolis-submarine,12
TomTasche/OpenDocument.droid,https://github.com/TomTasche/OpenDocument.droid,repositories/OpenDocument.droid,251
balesz/android-WebSearch,https://github.com/balesz/android-WebSearch,repositories/android-WebSearch,134
guardianproject/Gibberbot,https://github.com/guardianproject/Gibberbot,repositories/Gibberbot,2909
mateusz-szafraniec/NFCTagmaker,https://github.com/mateusz-szafraniec/NFCTagmaker,repositories/NFCTagmaker,55
Anasthase/TintBrowser,https://github.com/Anasthase/TintBrowser,repositories/TintBrowser,242
rorist/Cowsay-android,https://github.com/rorist/Cowsay-android,repositories/Cowsay-android,158
F0x06/EddyMalou,https://github.com/F0x06/EddyMalou,repositories/EddyMalou,6
gsingh93/hacker-live-wallpaper,https://github.com/gsingh93/hacker-live-wallpaper,repositories/hacker-live-wallpaper,87
schildbach/bitcoin-wallet,https://github.com/schildbach/bitcoin-wallet,repositories/bitcoin-wallet,3216
notriddle/budget-envelopes,https://github.com/notriddle/budget-envelopes,repositories/budget-envelopes,195
mancio/Volume-Control,https://github.com/mancio/Volume-Control,repositories/Volume-Control,3
shakalaca/BeautyClockLiveWallpaper,https://github.com/shakalaca/BeautyClockLiveWallpaper,repositories/BeautyClockLiveWallpaper,98
umanx/DashNotifier,https://github.com/umanx/DashNotifier,repositories/DashNotifier,18
AChep/JellyBeanClock,https://github.com/AChep/JellyBeanClock,repositories/JellyBeanClock,10
msal/muzei-nationalgeographic,https://github.com/msal/muzei-nationalgeographic,repositories/muzei-nationalgeographic,53
rjmarsan/Pixelesque,https://github.com/rjmarsan/Pixelesque,repositories/Pixelesque,31
hsaito/hstempo_android,https://github.com/hsaito/hstempo_android,repositories/hstempo_android,46
dschuermann/document-viewer,https://github.com/dschuermann/document-viewer,repositories/document-viewer,1752
dschuermann/standalone-calendar,https://github.com/dschuermann/standalone-calendar,repositories/standalone-calendar,5400
StanLivitski/n-puzzle,https://github.com/StanLivitski/n-puzzle,repositories/n-puzzle,7
onyxbits/TextFiction,https://github.com/onyxbits/TextFiction,repositories/TextFiction,124
AnimaSA/Atarashii,https://github.com/AnimaSA/Atarashii,repositories/Atarashii,2325
loadrunner/Facebook-Contact-Sync,https://github.com/loadrunner/Facebook-Contact-Sync,repositories/Facebook-Contact-Sync,154
kromonos/Mustard-Mod,https://github.com/kromonos/Mustard-Mod,repositories/Mustard-Mod,59
MohammadAG/android-file-beam,https://github.com/MohammadAG/android-file-beam,repositories/android-file-beam,5
scar45/aokp-co-webviewer,https://github.com/scar45/aokp-co-webviewer,repositories/aokp-co-webviewer,20
hmrocha/batterywidget,https://github.com/hmrocha/batterywidget,repositories/batterywidget,31
zaren678/Hdhomerun-signal-meter,https://github.com/zaren678/Hdhomerun-signal-meter,repositories/Hdhomerun-signal-meter,41
mborjesson/LG-Optimus-2X-Black-Notifications,https://github.com/mborjesson/LG-Optimus-2X-Black-Notifications,repositories/LG-Optimus-2X-Black-Notifications,69
Mobiperf/MobiPerf,https://github.com/Mobiperf/MobiPerf,repositories/MobiPerf,814
SpazeDog/mounts2sd,https://github.com/SpazeDog/mounts2sd,repositories/mounts2sd,128
felixb/otpdroid,https://github.com/felixb/otpdroid,repositories/otpdroid,54
mvglasow/satstat,https://github.com/mvglasow/satstat,repositories/satstat,526
cprados/wifimatic-android,https://github.com/cprados/wifimatic-android,repositories/wifimatic-android,20
mendhak/gpslogger,https://github.com/mendhak/gpslogger,repositories/gpslogger,1429
NightWhistler/PageTurner,https://github.com/NightWhistler/PageTurner,repositories/PageTurner,1262
HoloAddict/FeedEx,https://github.com/HoloAddict/FeedEx,repositories/FeedEx,1305
Kent1/Manille,https://github.com/Kent1/Manille,repositories/Manille,101
felixb/smsdroid,https://github.com/felixb/smsdroid,repositories/smsdroid,844
ushahidi/SMSSync,https://github.com/ushahidi/SMSSync,repositories/SMSSync,1816
wrr/speech_trainer,https://github.com/wrr/speech_trainer,repositories/speech_trainer,31
cr5315/countdown-for-dashclock,https://github.com/cr5315/countdown-for-dashclock,repositories/countdown-for-dashclock,12
dozingcat/CamTimer,https://github.com/dozingcat/CamTimer,repositories/CamTimer,18
dsoulayrol/android-sholi,https://github.com/dsoulayrol/android-sholi,repositories/android-sholi,67
edsonduarte1990/reminders,https://github.com/edsonduarte1990/reminders,repositories/reminders,102
dpadgett/Timer,https://github.com/dpadgett/Timer,repositories/Timer,189
chrispbailey/ToDo-List-Widget,https://github.com/chrispbailey/ToDo-List-Widget,repositories/ToDo-List-Widget,134
brosmike/AirPush-Detector,https://github.com/brosmike/AirPush-Detector,repositories/AirPush-Detector,26
tasermonkey/android-passwordmaker,https://github.com/tasermonkey/android-passwordmaker,repositories/android-passwordmaker,37
tstein/AndroSS,https://github.com/tstein/AndroSS,repositories/AndroSS,159
janosgyerik/bluetoothviewer,https://github.com/janosgyerik/bluetoothviewer,repositories/bluetoothviewer,232
wanleung/ChangjieIME,https://github.com/wanleung/ChangjieIME,repositories/ChangjieIME,14
easytiger/dotty,https://github.com/easytiger/dotty,repositories/dotty,2
project-voodoo/ota-rootkeeper-app,https://github.com/project-voodoo/ota-rootkeeper-app,repositories/ota-rootkeeper-app,57
jerickson314/sdscanner,https://github.com/jerickson314/sdscanner,repositories/sdscanner,39
alt236/USB-Device-Info---Android,https://github.com/alt236/USB-Device-Info---Android,repositories/USB-Device-Info---Android,68
onyxbits/geobookmark,https://github.com/onyxbits/geobookmark,repositories/geobookmark,14
mdecorde/BAC76,https://github.com/mdecorde/BAC76,repositories/BAC76,16
trishika/DroidUPnP,https://github.com/trishika/DroidUPnP,repositories/DroidUPnP,225
intervigilium/MicDroid,https://github.com/intervigilium/MicDroid,repositories/MicDroid,77
mateuszbuda/ThermometerExtended2,https://github.com/mateuszbuda/ThermometerExtended2,repositories/ThermometerExtended2,50
xenris/liquid-wars-android,https://github.com/xenris/liquid-wars-android,repositories/liquid-wars-android,28
jfreax/OpenLaw,https://github.com/jfreax/OpenLaw,repositories/OpenLaw,333
DizzyThermal/Auto-Away,https://github.com/DizzyThermal/Auto-Away,repositories/Auto-Away,15
guardianproject/PixelKnot,https://github.com/guardianproject/PixelKnot,repositories/PixelKnot,160
awaken/sanity,https://github.com/awaken/sanity,repositories/sanity,45
NewProggie/SparkleShare-Android,https://github.com/NewProggie/SparkleShare-Android,repositories/SparkleShare-Android,201
johnnylambada/WorldMap,https://github.com/johnnylambada/WorldMap,repositories/WorldMap,115
banasiak/CoinFlip,https://github.com/banasiak/CoinFlip,repositories/CoinFlip,118
prismsw/Lampshade,https://github.com/prismsw/Lampshade,repositories/Lampshade,236
teamOSC/SubtleNews_Android_App,https://github.com/teamOSC/SubtleNews_Android_App,repositories/SubtleNews_Android_App,103
budowski/budoist,https://github.com/budowski/budoist,repositories/budoist,43
weisserd/LDAP-Sync,https://github.com/weisserd/LDAP-Sync,repositories/LDAP-Sync,111
teneighty/moss,https://github.com/teneighty/moss,repositories/moss,69
yankovskiy/SilentNight,https://github.com/yankovskiy/SilentNight,repositories/SilentNight,30
indrora/Atomic,https://github.com/indrora/Atomic,repositories/Atomic,1226
tobykurien/BatteryFu,https://github.com/tobykurien/BatteryFu,repositories/BatteryFu,79
jyio/botbrew-gui,https://github.com/jyio/botbrew-gui,repositories/botbrew-gui,135
felixb/clipboard-beam,https://github.com/felixb/clipboard-beam,repositories/clipboard-beam,8
blaztriglav/did-i,https://github.com/blaztriglav/did-i,repositories/did-i,80
palfrey/postcode,https://github.com/palfrey/postcode,repositories/postcode,94
pyload/pyload-android,https://github.com/pyload/pyload-android,repositories/pyload-android,108
Nutomic/control-dlna,https://github.com/Nutomic/control-dlna,repositories/control-dlna,175
emergentdotorg/shaman,https://github.com/emergentdotorg/shaman,repositories/shaman,37
cketti/DashClock_K-9,https://github.com/cketti/DashClock_K-9,repositories/DashClock_K-9,59
timvdalen/gizmooi,https://github.com/timvdalen/gizmooi,repositories/gizmooi,7
gggard/AndroidCaldavSyncAdapater,https://github.com/gggard/AndroidCaldavSyncAdapater,repositories/AndroidCaldavSyncAdapater,121
nfd/KeePassNFC,https://github.com/nfd/KeePassNFC,repositories/KeePassNFC,11
matburt/mobileorg-android,https://github.com/matburt/mobileorg-android,repositories/mobileorg-android,1271
losttime/cooper,https://github.com/losttime/cooper,repositories/cooper,52
miracle2k/android-autostarts,https://github.com/miracle2k/android-autostarts,repositories/android-autostarts,449
pires/android-obd-reader,https://github.com/pires/android-obd-reader,repositories/android-obd-reader,337
rmtheis/android-ocr,https://github.com/rmtheis/android-ocr,repositories/android-ocr,115
adrian-bl/APN-Switch,https://github.com/adrian-bl/APN-Switch,repositories/APN-Switch,12
flyingrub/SpeedMeter,https://github.com/flyingrub/SpeedMeter,repositories/SpeedMeter,95
mariotaku/twidere.extension.twitlonger,https://github.com/mariotaku/twidere.extension.twitlonger,repositories/twidere.extension.twitlonger,8
Zanshinmu/Wifi-Fixer,https://github.com/Zanshinmu/Wifi-Fixer,repositories/Wifi-Fixer,1264
freezy/android-xbmcremote,https://github.com/freezy/android-xbmcremote,repositories/android-xbmcremote,946
btmura/rbb,https://github.com/btmura/rbb,repositories/rbb,2347
MarcDufresne/BetterWeather,https://github.com/MarcDufresne/BetterWeather,repositories/BetterWeather,124
indication/OpenRedmine,https://github.com/indication/OpenRedmine,repositories/OpenRedmine,1321
MaTachi/geometri-destroyer,https://github.com/MaTachi/geometri-destroyer,repositories/geometri-destroyer,23
awilliams/fish,https://github.com/awilliams/fish,repositories/fish,3
nathanpc/Build.prop-Editor,https://github.com/nathanpc/Build.prop-Editor,repositories/Build.prop-Editor,15
Nilhcem/hosts-editor-android,https://github.com/Nilhcem/hosts-editor-android,repositories/hosts-editor-android,135
elek/osmgpxuploader,https://github.com/elek/osmgpxuploader,repositories/osmgpxuploader,34
ShowMeHills/ShowMeHills,https://github.com/ShowMeHills/ShowMeHills,repositories/ShowMeHills,74
prrt714/Kaleidoscope,https://github.com/prrt714/Kaleidoscope,repositories/Kaleidoscope,25
logomancer/dashquotes-civ5,https://github.com/logomancer/dashquotes-civ5,repositories/dashquotes-civ5,22
onyxbits/Drudgery,https://github.com/onyxbits/Drudgery,repositories/Drudgery,15
amiga/sonorox,https://github.com/amiga/sonorox,repositories/sonorox,4
jurihock/voicesmith,https://github.com/jurihock/voicesmith,repositories/voicesmith,158
markusfisch/WaveLinesWallpaper,https://github.com/markusfisch/WaveLinesWallpaper,repositories/WaveLinesWallpaper,47
voidcode/Diaspora-Webclient,https://github.com/voidcode/Diaspora-Webclient,repositories/Diaspora-Webclient,63
sweetiepiggy/Every-Locale,https://github.com/sweetiepiggy/Every-Locale,repositories/Every-Locale,53
codebutler/farebot,https://github.com/codebutler/farebot,repositories/farebot,242
guardianproject/gnupg-for-android,https://github.com/guardianproject/gnupg-for-android,repositories/gnupg-for-android,782
atd/HandyNotes,https://github.com/atd/HandyNotes,repositories/HandyNotes,32
guardianproject/lildebi,https://github.com/guardianproject/lildebi,repositories/lildebi,578
nadam/nfc-reader,https://github.com/nadam/nfc-reader,repositories/nfc-reader,44
xenotropic/quizzn,https://github.com/xenotropic/quizzn,repositories/quizzn,4
chaosbastler/opentraining,https://github.com/chaosbastler/opentraining,repositories/opentraining,503
telecapoland/jamendo-android,https://github.com/telecapoland/jamendo-android,repositories/jamendo-android,150
thasmin/Podax,https://github.com/thasmin/Podax,repositories/Podax,885
clementine-player/Android-Remote,https://github.com/clementine-player/Android-Remote,repositories/Android-Remote,748
danielegobbetti/ICSImport,https://github.com/danielegobbetti/ICSImport,repositories/ICSImport,14
ajaapps/flightmode,https://github.com/ajaapps/flightmode,repositories/flightmode,12
cglapa/rights-alert,https://github.com/cglapa/rights-alert,repositories/rights-alert,40
zaki50/MemoPad,https://github.com/zaki50/MemoPad,repositories/MemoPad,61
rtyley/agit,https://github.com/rtyley/agit,repositories/agit,894
baolongnt/EmailPopup,https://github.com/baolongnt/EmailPopup,repositories/EmailPopup,75
opentelecoms-org/lumicall,https://github.com/opentelecoms-org/lumicall,repositories/lumicall,905
lablogga/DIYgenomics_Android,https://github.com/lablogga/DIYgenomics_Android,repositories/DIYgenomics_Android,21
Kaljurand/Diktofon,https://github.com/Kaljurand/Diktofon,repositories/Diktofon,54
SASAbus/SASAbus,https://github.com/SASAbus/SASAbus,repositories/SASAbus,689
guardianproject/notecipher,https://github.com/guardianproject/notecipher,repositories/notecipher,190
anthonydahanne/ReGalAndroid,https://github.com/anthonydahanne/ReGalAndroid,repositories/ReGalAndroid,251
threedliteguy/urforms,https://github.com/threedliteguy/urforms,repositories/urforms,4
nolanlawson/ChordReaderRoot,https://github.com/nolanlawson/ChordReaderRoot,repositories/ChordReaderRoot,84
boombuler/piraten_map_app,https://github.com/boombuler/piraten_map_app,repositories/piraten_map_app,60
soft-studio/NFC_DriversLicenseReader,https://github.com/soft-studio/NFC_DriversLicenseReader,repositories/NFC_DriversLicenseReader,5
moparisthebest/PagePlusBalance,https://github.com/moparisthebest/PagePlusBalance,repositories/PagePlusBalance,8
tom-and-jerry/eyeCam,https://github.com/tom-and-jerry/eyeCam,repositories/eyeCam,131
NightlyNexus/Color-Clock,https://github.com/NightlyNexus/Color-Clock,repositories/Color-Clock,16
ajlyon/zandy,https://github.com/ajlyon/zandy,repositories/zandy,314
nicolas-raoul/OxygenGuide-Android,https://github.com/nicolas-raoul/OxygenGuide-Android,repositories/OxygenGuide-Android,23
pettarin/epub3reader,https://github.com/pettarin/epub3reader,repositories/epub3reader,51
Xlythe/HexGame_Android,https://github.com/Xlythe/HexGame_Android,repositories/HexGame_Android,366
talklittle/reddit-is-fun,https://github.com/talklittle/reddit-is-fun,repositories/reddit-is-fun,773
wallabag/android-app,https://github.com/wallabag/android-app,repositories/android-app,1215
oschina/android-app,https://github.com/oschina/android-app,repositories/android-app,1215
mconf/sipdroid,https://github.com/mconf/sipdroid,repositories/sipdroid,290
sagemath/android,https://github.com/sagemath/android,repositories/android,11789
owncloud/android,https://github.com/owncloud/android,repositories/android,11789
justin66/MyTracks,https://github.com/justin66/MyTracks,repositories/MyTracks,2758
github/android,https://github.com/github/android,repositories/android,11789
cyclestreets/android,https://github.com/cyclestreets/android,repositories/android,11789
felixb/websms,https://github.com/felixb/websms,repositories/websms,1651
osmdroid/osmdroid,https://github.com/osmdroid/osmdroid,repositories/osmdroid,2805
skhang/appsorganizer,https://github.com/skhang/appsorganizer,repositories/appsorganizer,172
