,name,link,path,commits
0,hidroh/materialistic,https://github.com/hidroh/materialistic,repositories/hidroh_materialistic,1716
1,gsantner/memetastic,https://github.com/gsantner/memetastic,repositories/gsantner_memetastic,230
2,fenimore/DemocracyDroid,https://github.com/fenimore/DemocracyDroid,repositories/fenimore_DemocracyDroid,425
3,ctodobom/OpenNoteScanner,https://github.com/ctodobom/OpenNoteScanner,repositories/ctodobom_OpenNoteScanner,203
4,HugoGresse/Anecdote,https://github.com/HugoGresse/Anecdote,repositories/HugoGresse_Anecdote,308
5,greenaddress/abcore,https://github.com/greenaddress/abcore,repositories/greenaddress_abcore,230
6,mkulesh/microMathematics,https://github.com/mkulesh/microMathematics,repositories/mkulesh_microMathematics,495
7,vijai1996/screenrecorder,https://github.com/vijai1996/screenrecorder,repositories/vijai1996_screenrecorder,191
8,gsantner/markor,https://github.com/gsantner/markor,repositories/gsantner_markor,865
9,SecUSo/privacy-friendly-pedometer,https://github.com/SecUSo/privacy-friendly-pedometer,repositories/SecUSo_privacy-friendly-pedometer,259
10,philliphsu/ClockPlus,https://github.com/philliphsu/ClockPlus,repositories/philliphsu_ClockPlus,485
11,Sparker0i/Weather,https://github.com/Sparker0i/Weather,repositories/Sparker0i_Weather,676
12,ScreamingHawk/android-slideshow,https://github.com/ScreamingHawk/android-slideshow,repositories/ScreamingHawk_android-slideshow,323
13,openintents/notepad,https://github.com/openintents/notepad,repositories/openintents_notepad,165
14,jtmcn/archwiki-viewer,https://github.com/jtmcn/archwiki-viewer,repositories/jtmcn_archwiki-viewer,94
15,kwantam/batsHIIT,https://github.com/kwantam/batsHIIT,repositories/kwantam_batsHIIT,17
16,commons-app/apps-android-commons,https://github.com/commons-app/apps-android-commons,repositories/commons-app_apps-android-commons,4299
17,Cj-Malone/Screens,https://github.com/Cj-Malone/Screens,repositories/Cj-Malone_Screens,99
18,MarcelJurtz/MTG_LifeCounter,https://github.com/MarcelJurtz/MTG_LifeCounter,repositories/MarcelJurtz_MTG_LifeCounter,184
19,OpenArchive/openarchive,https://github.com/OpenArchive/openarchive,repositories/OpenArchive_openarchive,315
20,erickok/transdroid,https://github.com/erickok/transdroid,repositories/erickok_transdroid,606
21,kollerlukas/Camera-Roll-Android-App,https://github.com/kollerlukas/Camera-Roll-Android-App,repositories/kollerlukas_Camera-Roll-Android-App,400
22,T-Rex96/Easy_xkcd,https://github.com/T-Rex96/Easy_xkcd,repositories/T-Rex96_Easy_xkcd,718
23,TobiasBielefeld/Simple-Brick-Games,https://github.com/TobiasBielefeld/Simple-Brick-Games,repositories/TobiasBielefeld_Simple-Brick-Games,51
24,TheTorProject/ooniprobe-android,https://github.com/TheTorProject/ooniprobe-android,repositories/TheTorProject_ooniprobe-android,959
25,MCMrARM/revolution-irc,https://github.com/MCMrARM/revolution-irc,repositories/MCMrARM_revolution-irc,771
26,andOTP/andOTP,https://github.com/andOTP/andOTP,repositories/andOTP_andOTP,670
27,qqq3/inventum,https://github.com/qqq3/inventum,repositories/qqq3_inventum,36
28,HenriDellal/emerald,https://github.com/HenriDellal/emerald,repositories/HenriDellal_emerald,125
29,tengusw/share_to_clipboard,https://github.com/tengusw/share_to_clipboard,repositories/tengusw_share_to_clipboard,132
30,arnef/bewegungsmelder-android,https://github.com/arnef/bewegungsmelder-android,repositories/arnef_bewegungsmelder-android,41
31,SecUSo/privacy-friendly-dice-game,https://github.com/SecUSo/privacy-friendly-dice-game,repositories/SecUSo_privacy-friendly-dice-game,111
32,itds-consulting/android-silent-ping-sms,https://github.com/itds-consulting/android-silent-ping-sms,repositories/itds-consulting_android-silent-ping-sms,26
33,gilbsgilbs/freemobilenetstat,https://github.com/gilbsgilbs/freemobilenetstat,repositories/gilbsgilbs_freemobilenetstat,1726
34,BiglySoftware/BiglyBT-Android,https://github.com/BiglySoftware/BiglyBT-Android,repositories/BiglySoftware_BiglyBT-Android,1061
35,btimofeev/UniPatcher,https://github.com/btimofeev/UniPatcher,repositories/btimofeev_UniPatcher,177
36,Andre1299/TUI-ConsoleLauncher,https://github.com/Andre1299/TUI-ConsoleLauncher,repositories/Andre1299_TUI-ConsoleLauncher,153
37,adolfintel/chromiumUpdater,https://github.com/adolfintel/chromiumUpdater,repositories/adolfintel_chromiumUpdater,45
38,termux/termux-app,https://github.com/termux/termux-app,repositories/termux_termux-app,506
39,tananaev/rootless-logcat,https://github.com/tananaev/rootless-logcat,repositories/tananaev_rootless-logcat,76
40,sergstetsuk/CosyDVR,https://github.com/sergstetsuk/CosyDVR,repositories/sergstetsuk_CosyDVR,115
41,caarmen/network-monitor,https://github.com/caarmen/network-monitor,repositories/caarmen_network-monitor,956
42,termux/termux-styling,https://github.com/termux/termux-styling,repositories/termux_termux-styling,95
43,TheUberCatman/crates-io-android,https://github.com/TheUberCatman/crates-io-android,repositories/TheUberCatman_crates-io-android,34
44,j4velin/Pedometer,https://github.com/j4velin/Pedometer,repositories/j4velin_Pedometer,474
45,micolous/metrodroid,https://github.com/micolous/metrodroid,repositories/micolous_metrodroid,1795
46,wbrenna/GTFSOffline,https://github.com/wbrenna/GTFSOffline,repositories/wbrenna_GTFSOffline,78
47,caarmen/nounours-android,https://github.com/caarmen/nounours-android,repositories/caarmen_nounours-android,401
48,Etar-Group/Etar-Calendar,https://github.com/Etar-Group/Etar-Calendar,repositories/Etar-Group_Etar-Calendar,5641
49,SteamGifts/SteamGifts,https://github.com/SteamGifts/SteamGifts,repositories/SteamGifts_SteamGifts,611
50,AnaelMobilia/NextINpact-Unofficial,https://github.com/AnaelMobilia/NextINpact-Unofficial,repositories/AnaelMobilia_NextINpact-Unofficial,1002
51,scoute-dich/HHSMoodle,https://github.com/scoute-dich/HHSMoodle,repositories/scoute-dich_HHSMoodle,174
52,joonatoona/OpenShift,https://github.com/joonatoona/OpenShift,repositories/joonatoona_OpenShift,16
53,maks/MGit,https://github.com/maks/MGit,repositories/maks_MGit,698
54,meoblast001/thugaim,https://github.com/meoblast001/thugaim,repositories/meoblast001_thugaim,119
55,Tortel/SysLog,https://github.com/Tortel/SysLog,repositories/Tortel_SysLog,239
56,pR0Ps/LocationShare,https://github.com/pR0Ps/LocationShare,repositories/pR0Ps_LocationShare,52
57,dftec-es/planetcon,https://github.com/dftec-es/planetcon,repositories/dftec-es_planetcon,11
58,saschpe/BirthdayCalendar,https://github.com/saschpe/BirthdayCalendar,repositories/saschpe_BirthdayCalendar,213
59,EvanRespaut/Equate,https://github.com/EvanRespaut/Equate,repositories/EvanRespaut_Equate,395
60,alaskalinuxuser/app_hourglass,https://github.com/alaskalinuxuser/app_hourglass,repositories/alaskalinuxuser_app_hourglass,16
61,Neamar/KISS,https://github.com/Neamar/KISS,repositories/Neamar_KISS,2994
62,qqq3/good-weather,https://github.com/qqq3/good-weather,repositories/qqq3_good-weather,749
63,TripSit/tripmobile,https://github.com/TripSit/tripmobile,repositories/TripSit_tripmobile,324
64,y20k/transistor,https://github.com/y20k/transistor,repositories/y20k_transistor,846
65,geecko86/QuickLyric,https://github.com/geecko86/QuickLyric,repositories/geecko86_QuickLyric,979
66,richsmith/sexytopo,https://github.com/richsmith/sexytopo,repositories/richsmith_sexytopo,270
67,icechen1/Notable,https://github.com/icechen1/Notable,repositories/icechen1_Notable,27
68,quaap/SeafoodBerserker,https://github.com/quaap/SeafoodBerserker,repositories/quaap_SeafoodBerserker,122
69,Gittner/OSMBugs,https://github.com/Gittner/OSMBugs,repositories/Gittner_OSMBugs,274
70,oliexdev/openScale,https://github.com/oliexdev/openScale,repositories/oliexdev_openScale,1429
71,termux/termux-widget,https://github.com/termux/termux-widget,repositories/termux_termux-widget,42
72,guardianproject/ripple,https://github.com/guardianproject/ripple,repositories/guardianproject_ripple,100
73,termux/termux-float,https://github.com/termux/termux-float,repositories/termux_termux-float,17
74,capitoledulibre/cdl-companion-android,https://github.com/capitoledulibre/cdl-companion-android,repositories/capitoledulibre_cdl-companion-android,358
75,gjedeer/mylocation,https://github.com/gjedeer/mylocation,repositories/gjedeer_mylocation,45
76,SecUSo/privacy-friendly-shopping-list,https://github.com/SecUSo/privacy-friendly-shopping-list,repositories/SecUSo_privacy-friendly-shopping-list,404
77,vanilla-music/vanilla-music-cover-fetch,https://github.com/vanilla-music/vanilla-music-cover-fetch,repositories/vanilla-music_vanilla-music-cover-fetch,36
78,scoute-dich/K9-MailClient,https://github.com/scoute-dich/K9-MailClient,repositories/scoute-dich_K9-MailClient,53
79,veniosg/Dir,https://github.com/veniosg/Dir,repositories/veniosg_Dir,821
80,greenaddress/GreenBits,https://github.com/greenaddress/GreenBits,repositories/greenaddress_GreenBits,1966
81,flyve-mdm/android-inventory-agent/,https://github.com/flyve-mdm/android-inventory-agent/,repositories/flyve-mdm_android-inventory-agent_,822
82,marunjar/anewjkuapp,https://github.com/marunjar/anewjkuapp,repositories/marunjar_anewjkuapp,983
83,anselm94/Torchie-Android,https://github.com/anselm94/Torchie-Android,repositories/anselm94_Torchie-Android,135
84,WangDaYeeeeee/Mysplash,https://github.com/WangDaYeeeeee/Mysplash,repositories/WangDaYeeeeee_Mysplash,185
85,DecentralizedAmateurPagingNetwork/DAPNETApp,https://github.com/DecentralizedAmateurPagingNetwork/DAPNETApp,repositories/DecentralizedAmateurPagingNetwork_DAPNETApp,216
86,butzist/ActivityLauncher,https://github.com/butzist/ActivityLauncher,repositories/butzist_ActivityLauncher,60
87,francescosoave/TIS_android,https://github.com/francescosoave/TIS_android,repositories/francescosoave_TIS_android,16
88,tranquvis/SimpleSmsRemote,https://github.com/tranquvis/SimpleSmsRemote,repositories/tranquvis_SimpleSmsRemote,257
89,RyuzakiKK/NoteCrypt,https://github.com/RyuzakiKK/NoteCrypt,repositories/RyuzakiKK_NoteCrypt,96
90,h42i/d00r-app,https://github.com/h42i/d00r-app,repositories/h42i_d00r-app,8
91,westnordost/StreetComplete,https://github.com/westnordost/StreetComplete,repositories/westnordost_StreetComplete,1562
92,linuxtage/glt-companion,https://github.com/linuxtage/glt-companion,repositories/linuxtage_glt-companion,374
93,gentlecat/Simple-Counter/,https://github.com/gentlecat/Simple-Counter/,repositories/gentlecat_Simple-Counter_,210
94,thuryn/your-local-weather,https://github.com/thuryn/your-local-weather,repositories/thuryn_your-local-weather,3853
95,abrensch/brouter,https://github.com/abrensch/brouter,repositories/abrensch_brouter,357
96,reloZid/android-anuto,https://github.com/reloZid/android-anuto,repositories/reloZid_android-anuto,828
97,VREMSoftwareDevelopment/WifiAnalyzer,https://github.com/VREMSoftwareDevelopment/WifiAnalyzer,repositories/VREMSoftwareDevelopment_WifiAnalyzer,1283
98,domogik/domodroid,https://github.com/domogik/domodroid,repositories/domogik_domodroid,2022
99,mikifus/padland,https://github.com/mikifus/padland,repositories/mikifus_padland,202
100,Sensirion/SmartGadget-Android,https://github.com/Sensirion/SmartGadget-Android,repositories/Sensirion_SmartGadget-Android,151
101,TobiasBielefeld/Simple-Solitaire,https://github.com/TobiasBielefeld/Simple-Solitaire,repositories/TobiasBielefeld_Simple-Solitaire,866
102,kaputnikGo/LittleSirEcho,https://github.com/kaputnikGo/LittleSirEcho,repositories/kaputnikGo_LittleSirEcho,10
103,meefik/busybox,https://github.com/meefik/busybox,repositories/meefik_busybox,112
104,SufficientlySecure/calendar-import-export,https://github.com/SufficientlySecure/calendar-import-export,repositories/SufficientlySecure_calendar-import-export,296
105,vanilla-music/vanilla-music-tag-editor,https://github.com/vanilla-music/vanilla-music-tag-editor,repositories/vanilla-music_vanilla-music-tag-editor,52
106,openintents/shoppinglist,https://github.com/openintents/shoppinglist,repositories/openintents_shoppinglist,493
107,rootkiwi/an2linuxclient,https://github.com/rootkiwi/an2linuxclient,repositories/rootkiwi_an2linuxclient,61
108,janoliver/pOT-Droid,https://github.com/janoliver/pOT-Droid,repositories/janoliver_pOT-Droid,582
109,shlusiak/Freebloks-Android,https://github.com/shlusiak/Freebloks-Android,repositories/shlusiak_Freebloks-Android,1006
110,rdoeffinger/Dictionary,https://github.com/rdoeffinger/Dictionary,repositories/rdoeffinger_Dictionary,640
111,brarcher/rental-calc,https://github.com/brarcher/rental-calc,repositories/brarcher_rental-calc,175
112,vitas/beaconloc,https://github.com/vitas/beaconloc,repositories/vitas_beaconloc,90
113,dimtion/Shaarlier,https://github.com/dimtion/Shaarlier,repositories/dimtion_Shaarlier,150
114,hypeapps/Endoscope,https://github.com/hypeapps/Endoscope,repositories/hypeapps_Endoscope,106
115,quaap/PhoneFoneFun,https://github.com/quaap/PhoneFoneFun,repositories/quaap_PhoneFoneFun,29
116,ccrama/Slide,https://github.com/ccrama/Slide,repositories/ccrama_Slide,3694
117,afollestad/nock-nock,https://github.com/afollestad/nock-nock,repositories/afollestad_nock-nock,104
118,raphaelm/c3nav-android/,https://github.com/raphaelm/c3nav-android/,repositories/raphaelm_c3nav-android_,135
119,nerzhul/ownCloud-SMS-App,https://github.com/nerzhul/ownCloud-SMS-App,repositories/nerzhul_ownCloud-SMS-App,578
120,aragaer/jtt_android,https://github.com/aragaer/jtt_android,repositories/aragaer_jtt_android,574
121,openfoodfacts/openfoodfacts-androidapp,https://github.com/openfoodfacts/openfoodfacts-androidapp,repositories/openfoodfacts_openfoodfacts-androidapp,5103
122,vector-im/riot-android,https://github.com/vector-im/riot-android,repositories/vector-im_riot-android,6334
123,ScreamingHawk/fate-sheets,https://github.com/ScreamingHawk/fate-sheets,repositories/ScreamingHawk_fate-sheets,155
124,termux/termux-tasker,https://github.com/termux/termux-tasker,repositories/termux_termux-tasker,22
125,mikljohansson/retroboy,https://github.com/mikljohansson/retroboy,repositories/mikljohansson_retroboy,189
126,vuze/vuze-remote-for-android,https://github.com/vuze/vuze-remote-for-android,repositories/vuze_vuze-remote-for-android,41
127,genonbeta/TrebleShot,https://github.com/genonbeta/TrebleShot,repositories/genonbeta_TrebleShot,922
128,ciubex/dscautorename,https://github.com/ciubex/dscautorename,repositories/ciubex_dscautorename,172
129,vanilla-music/vanilla-music-lyrics-search,https://github.com/vanilla-music/vanilla-music-lyrics-search,repositories/vanilla-music_vanilla-music-lyrics-search,42
130,y20k/trackbook,https://github.com/y20k/trackbook,repositories/y20k_trackbook,229
131,stom79/mastalab,https://github.com/stom79/mastalab,repositories/stom79_mastalab,3786
132,quaap/BookyMcBookface,https://github.com/quaap/BookyMcBookface,repositories/quaap_BookyMcBookface,264
133,nextcloud/android,https://github.com/nextcloud/android,repositories/nextcloud_android,11928
134,no-go/AnotherRSS,https://github.com/no-go/AnotherRSS,repositories/no-go_AnotherRSS,42
135,axxapy/apkExtractor,https://github.com/axxapy/apkExtractor,repositories/axxapy_apkExtractor,53
136,rascarlo/AURdroid,https://github.com/rascarlo/AURdroid,repositories/rascarlo_AURdroid,91
137,bpeel/prevo,https://github.com/bpeel/prevo,repositories/bpeel_prevo,206
138,scoute-dich/Weather,https://github.com/scoute-dich/Weather,repositories/scoute-dich_Weather,105
139,no-go/TextThing,https://github.com/no-go/TextThing,repositories/no-go_TextThing,48
140,takke/DataStats,https://github.com/takke/DataStats,repositories/takke_DataStats,118
141,trezor/trezor-android,https://github.com/trezor/trezor-android,repositories/trezor_trezor-android,68
142,GunshipPenguin/open_flood,https://github.com/GunshipPenguin/open_flood,repositories/GunshipPenguin_open_flood,138
143,cgogolin/library,https://github.com/cgogolin/library,repositories/cgogolin_library,114
144,nilesr/United4,https://github.com/nilesr/United4,repositories/nilesr_United4,229
145,TTTDevs/NextCloudBookmarksAndroid,https://github.com/TTTDevs/NextCloudBookmarksAndroid,repositories/TTTDevs_NextCloudBookmarksAndroid,16
146,tjg1/nori,https://github.com/tjg1/nori,repositories/tjg1_nori,561
147,metinkale38/namaz-vakti-android,https://github.com/metinkale38/namaz-vakti-android,repositories/metinkale38_namaz-vakti-android,375
148,SecUSo/privacy-friendly-memo-game,https://github.com/SecUSo/privacy-friendly-memo-game,repositories/SecUSo_privacy-friendly-memo-game,92
149,mo271/guessaday,https://github.com/mo271/guessaday,repositories/mo271_guessaday,43
150,theScrabi/OCBookmarks,https://github.com/theScrabi/OCBookmarks,repositories/theScrabi_OCBookmarks,76
151,souch/SMP,https://github.com/souch/SMP,repositories/souch_SMP,274
152,SecUSo/privacy-friendly-passwordgenerator,https://github.com/SecUSo/privacy-friendly-passwordgenerator,repositories/SecUSo_privacy-friendly-passwordgenerator,281
153,theScrabi/Terminightor,https://github.com/theScrabi/Terminightor,repositories/theScrabi_Terminightor,51
154,aario/killcamera,https://github.com/aario/killcamera,repositories/aario_killcamera,16
155,gateship-one/odyssey,https://github.com/gateship-one/odyssey,repositories/gateship-one_odyssey,1123
156,owncloud/android/,https://github.com/owncloud/android/,repositories/owncloud_android_,7080
157,jatwigg/cmus-android-remote,https://github.com/jatwigg/cmus-android-remote,repositories/jatwigg_cmus-android-remote,45
158,proninyaroslav/libretorrent,https://github.com/proninyaroslav/libretorrent,repositories/proninyaroslav_libretorrent,1
159,stefan-niedermann/nextcloud-notes,https://github.com/stefan-niedermann/nextcloud-notes,repositories/stefan-niedermann_nextcloud-notes,502
160,chaosdorf/meteroid,https://github.com/chaosdorf/meteroid,repositories/chaosdorf_meteroid,238
161,js-labs/ShellsMP,https://github.com/js-labs/ShellsMP,repositories/js-labs_ShellsMP,43
162,SecUSo/privacy-friendly-sudoku,https://github.com/SecUSo/privacy-friendly-sudoku,repositories/SecUSo_privacy-friendly-sudoku,207
163,vackosar/search-based-launcher/,https://github.com/vackosar/search-based-launcher/,repositories/vackosar_search-based-launcher_,255
164,brarcher/loyalty-card-locker,https://github.com/brarcher/loyalty-card-locker,repositories/brarcher_loyalty-card-locker,452
165,PowerInside/syncplayer,https://github.com/PowerInside/syncplayer,repositories/PowerInside_syncplayer,42
166,httpdispatch/MissedNotificationsReminder,https://github.com/httpdispatch/MissedNotificationsReminder,repositories/httpdispatch_MissedNotificationsReminder,57
167,rignaneseleo/SlimSocial-for-Facebook,https://github.com/rignaneseleo/SlimSocial-for-Facebook,repositories/rignaneseleo_SlimSocial-for-Facebook,173
168,xbmc/Kore,https://github.com/xbmc/Kore,repositories/xbmc_Kore,721
169,schnatterer/nusic,https://github.com/schnatterer/nusic,repositories/schnatterer_nusic,680
170,tejado/Authorizer,https://github.com/tejado/Authorizer,repositories/tejado_Authorizer,1340
171,CityZenApp/Android-Development,https://github.com/CityZenApp/Android-Development,repositories/CityZenApp_Android-Development,330
172,franciscofranco/Simple-Reboot-app,https://github.com/franciscofranco/Simple-Reboot-app,repositories/franciscofranco_Simple-Reboot-app,16
173,mosmetro-android/mosmetro-android,https://github.com/mosmetro-android/mosmetro-android,repositories/mosmetro-android_mosmetro-android,1082
174,vishesh/sealnote,https://github.com/vishesh/sealnote,repositories/vishesh_sealnote,337
175,openfoodfacts/openfoodfacts-androidapp,https://github.com/openfoodfacts/openfoodfacts-androidapp,repositories/openfoodfacts_openfoodfacts-androidapp,5103
176,jonan/ForkHub,https://github.com/jonan/ForkHub,repositories/jonan_ForkHub,2849
177,biylda/WhereYouGo,https://github.com/biylda/WhereYouGo,repositories/biylda_WhereYouGo,224
178,wizmer/syncorg,https://github.com/wizmer/syncorg,repositories/wizmer_syncorg,1361
179,asnelt/derandom,https://github.com/asnelt/derandom,repositories/asnelt_derandom,14
180,manuelsc/Lunary-Ethereum-Wallet,https://github.com/manuelsc/Lunary-Ethereum-Wallet,repositories/manuelsc_Lunary-Ethereum-Wallet,82
181,etesync/android,https://github.com/etesync/android,repositories/etesync_android,1056
182,graham22/Classic,https://github.com/graham22/Classic,repositories/graham22_Classic,120
183,VladThodo/behe-keyboard,https://github.com/VladThodo/behe-keyboard,repositories/VladThodo_behe-keyboard,63
184,ndleyton/OneTwo,https://github.com/ndleyton/OneTwo,repositories/ndleyton_OneTwo,62
185,alaskalinuxuser/app_justnotes,https://github.com/alaskalinuxuser/app_justnotes,repositories/alaskalinuxuser_app_justnotes,16
186,42SK/TVKILL,https://github.com/42SK/TVKILL,repositories/42SK_TVKILL,96
187,lexica/lexica,https://github.com/lexica/lexica,repositories/lexica_lexica,221
188,openintents/flashlight,https://github.com/openintents/flashlight,repositories/openintents_flashlight,75
189,farmerbb/Taskbar,https://github.com/farmerbb/Taskbar,repositories/farmerbb_Taskbar,742
190,citiususc/calendula,https://github.com/citiususc/calendula,repositories/citiususc_calendula,1383
191,no-go/ViboraFeed,https://github.com/no-go/ViboraFeed,repositories/no-go_ViboraFeed,36
192,EXL/Snooder21,https://github.com/EXL/Snooder21,repositories/EXL_Snooder21,53
193,jonasoreland/runnerup/,https://github.com/jonasoreland/runnerup/,repositories/jonasoreland_runnerup_,2561
194,microg/android_packages_apps_UnifiedNlp,https://github.com/microg/android_packages_apps_UnifiedNlp,repositories/microg_android_packages_apps_UnifiedNlp,223
195,brarcher/gift-card-guard,https://github.com/brarcher/gift-card-guard,repositories/brarcher_gift-card-guard,121
196,Kestutis-Z/World-Weather,https://github.com/Kestutis-Z/World-Weather,repositories/Kestutis-Z_World-Weather,277
197,dkim0419/SoundRecorder,https://github.com/dkim0419/SoundRecorder,repositories/dkim0419_SoundRecorder,80
198,seizonsenryaku/HayaiLauncher,https://github.com/seizonsenryaku/HayaiLauncher,repositories/seizonsenryaku_HayaiLauncher,371
199,segler-alex/RadioDroid,https://github.com/segler-alex/RadioDroid,repositories/segler-alex_RadioDroid,632
200,fython/Blackbulb,https://github.com/fython/Blackbulb,repositories/fython_Blackbulb,143
201,fossasia/open-event-android,https://github.com/fossasia/open-event-android,repositories/fossasia_open-event-android,329
202,aravindsagar/ScreenShift,https://github.com/aravindsagar/ScreenShift,repositories/aravindsagar_ScreenShift,35
203,openfoodfacts/openfoodfacts-androidapp,https://github.com/openfoodfacts/openfoodfacts-androidapp,repositories/openfoodfacts_openfoodfacts-androidapp,5103
204,milesmcc/LibreNews-Android,https://github.com/milesmcc/LibreNews-Android,repositories/milesmcc_LibreNews-Android,52
205,CriticalMaps/criticalmaps-android,https://github.com/CriticalMaps/criticalmaps-android,repositories/CriticalMaps_criticalmaps-android,871
206,gsantner/kimai-android,https://github.com/gsantner/kimai-android,repositories/gsantner_kimai-android,101
207,theScrabi/OCBookmarks,https://github.com/theScrabi/OCBookmarks,repositories/theScrabi_OCBookmarks,76
208,termux/termux-api,https://github.com/termux/termux-api,repositories/termux_termux-api,192
209,scoute-dich/Sieben,https://github.com/scoute-dich/Sieben,repositories/scoute-dich_Sieben,55
210,gstraube/cythara,https://github.com/gstraube/cythara,repositories/gstraube_cythara,270
211,markusfisch/ShaderEditor,https://github.com/markusfisch/ShaderEditor,repositories/markusfisch_ShaderEditor,480
212,LukeStonehm/LogicalDefence,https://github.com/LukeStonehm/LogicalDefence,repositories/LukeStonehm_LogicalDefence,186
213,alijc/CricketsAlarm,https://github.com/alijc/CricketsAlarm,repositories/alijc_CricketsAlarm,16
214,durka/HallMonitor,https://github.com/durka/HallMonitor,repositories/durka_HallMonitor,225
215,erickok/transdroid,https://github.com/erickok/transdroid,repositories/erickok_transdroid,606
216,phunehehe/fooCam,https://github.com/phunehehe/fooCam,repositories/phunehehe_fooCam,81
217,threedliteguy/UhLocationReportingService,https://github.com/threedliteguy/UhLocationReportingService,repositories/threedliteguy_UhLocationReportingService,5
218,grote/BlitzMail,https://github.com/grote/BlitzMail,repositories/grote_BlitzMail,104
219,taky/effy,https://github.com/taky/effy,repositories/taky_effy,83
220,boztalay/PuppyFrame,https://github.com/boztalay/PuppyFrame,repositories/boztalay_PuppyFrame,40
221,pejic/Summation,https://github.com/pejic/Summation,repositories/pejic_Summation,32
222,anupam1525/AcrylicPaint,https://github.com/anupam1525/AcrylicPaint,repositories/anupam1525_AcrylicPaint,3
223,alt236/Android-Drawables---Android,https://github.com/alt236/Android-Drawables---Android,repositories/alt236_Android-Drawables---Android,44
224,headrevision/BehatReporter,https://github.com/headrevision/BehatReporter,repositories/headrevision_BehatReporter,27
225,dynalogin/dynalogin-android,https://github.com/dynalogin/dynalogin-android,repositories/dynalogin_dynalogin-android,6
226,mathbellev/StdAtmosphere,https://github.com/mathbellev/StdAtmosphere,repositories/mathbellev_StdAtmosphere,10
227,dnet/adsdroid,https://github.com/dnet/adsdroid,repositories/dnet_adsdroid,65
228,OEP/rainwave-android,https://github.com/OEP/rainwave-android,repositories/OEP_rainwave-android,319
229,jufickel/rdt,https://github.com/jufickel/rdt,repositories/jufickel_rdt,10
230,yuttadhammo/E-Tipitaka-for-Android,https://github.com/yuttadhammo/E-Tipitaka-for-Android,repositories/yuttadhammo_E-Tipitaka-for-Android,95
231,cbeyls/fosdem-companion-android,https://github.com/cbeyls/fosdem-companion-android,repositories/cbeyls_fosdem-companion-android,352
232,Smerty/zooborns.android,https://github.com/Smerty/zooborns.android,repositories/Smerty_zooborns.android,92
233,billthefarmer/tuner,https://github.com/billthefarmer/tuner,repositories/billthefarmer_tuner,210
234,hgdev-ch/toposuite-android,https://github.com/hgdev-ch/toposuite-android,repositories/hgdev-ch_toposuite-android,2031
235,AndlyticsProject/andlytics,https://github.com/AndlyticsProject/andlytics,repositories/AndlyticsProject_andlytics,1522
236,devonjones/PathfinderOpenReference,https://github.com/devonjones/PathfinderOpenReference,repositories/devonjones_PathfinderOpenReference,249
237,cmykola/Lexin,https://github.com/cmykola/Lexin,repositories/cmykola_Lexin,58
238,ZorgeR/nanoConverter,https://github.com/ZorgeR/nanoConverter,repositories/ZorgeR_nanoConverter,29
239,ValleZ/Paper-Wallet,https://github.com/ValleZ/Paper-Wallet,repositories/ValleZ_Paper-Wallet,224
240,ojacquemart/vlilleChecker,https://github.com/ojacquemart/vlilleChecker,repositories/ojacquemart_vlilleChecker,380
241,gwhiteside/abstract-art,https://github.com/gwhiteside/abstract-art,repositories/gwhiteside_abstract-art,166
242,yhcting/netmbuddy,https://github.com/yhcting/netmbuddy,repositories/yhcting_netmbuddy,472
243,arifhn/nstools,https://github.com/arifhn/nstools,repositories/arifhn_nstools,175
244,koelleChristian/trickytripper,https://github.com/koelleChristian/trickytripper,repositories/koelleChristian_trickytripper,287
245,mjdenham/and-bible,https://github.com/mjdenham/and-bible,repositories/mjdenham_and-bible,3406
246,rafi-kamal/Bangla-Dictionary,https://github.com/rafi-kamal/Bangla-Dictionary,repositories/rafi-kamal_Bangla-Dictionary,36
247,vx/connectbot,https://github.com/vx/connectbot,repositories/vx_connectbot,739
248,irssiconnectbot/irssiconnectbot,https://github.com/irssiconnectbot/irssiconnectbot,repositories/irssiconnectbot_irssiconnectbot,586
249,concentricsky/android-viewer-for-khan-academy,https://github.com/concentricsky/android-viewer-for-khan-academy,repositories/concentricsky_android-viewer-for-khan-academy,4
250,chemicalappspace/Isotopes,https://github.com/chemicalappspace/Isotopes,repositories/chemicalappspace_Isotopes,21
251,xgouchet/Ted,https://github.com/xgouchet/Ted,repositories/xgouchet_Ted,42
252,DocSalvi/LinuxDayAppAndroid,https://github.com/DocSalvi/LinuxDayAppAndroid,repositories/DocSalvi_LinuxDayAppAndroid,40
253,yourealwaysbe/teacup,https://github.com/yourealwaysbe/teacup,repositories/yourealwaysbe_teacup,121
254,QuantumBadger/RedReader,https://github.com/QuantumBadger/RedReader,repositories/QuantumBadger_RedReader,1263
255,klassm/andFHEM,https://github.com/klassm/andFHEM,repositories/klassm_andFHEM,2724
256,ultramega/elementary,https://github.com/ultramega/elementary,repositories/ultramega_elementary,502
257,slapperwan/gh4a,https://github.com/slapperwan/gh4a,repositories/slapperwan_gh4a,2604
258,romario333/opensudoku,https://github.com/romario333/opensudoku,repositories/romario333_opensudoku,241
259,qii/weiciyuan,https://github.com/qii/weiciyuan,repositories/qii_weiciyuan,3128
260,czlee/debatekeeper,https://github.com/czlee/debatekeeper,repositories/czlee_debatekeeper,622
261,mick88/filemanager,https://github.com/mick88/filemanager,repositories/mick88_filemanager,226
262,ginkel/hashit,https://github.com/ginkel/hashit,repositories/ginkel_hashit,117
263,bpellin/keepassdroid,https://github.com/bpellin/keepassdroid,repositories/bpellin_keepassdroid,1041
264,LittleFox94/PGPAuth,https://github.com/LittleFox94/PGPAuth,repositories/LittleFox94_PGPAuth,79
265,maxfierke/sandwichroulette,https://github.com/maxfierke/sandwichroulette,repositories/maxfierke_sandwichroulette,6
266,j4velin/SystemAppMover,https://github.com/j4velin/SystemAppMover,repositories/j4velin_SystemAppMover,67
267,andybotting/tramhunter,https://github.com/andybotting/tramhunter,repositories/andybotting_tramhunter,288
268,danieloeh/AntennaPod,https://github.com/danieloeh/AntennaPod,repositories/danieloeh_AntennaPod,4616
269,aarddict/android,https://github.com/aarddict/android,repositories/aarddict_android,319
270,nephoapp/anarxiv,https://github.com/nephoapp/anarxiv,repositories/nephoapp_anarxiv,54
271,geometer/FBReaderJ,https://github.com/geometer/FBReaderJ,repositories/geometer_FBReaderJ,9034
272,Pansanel/cetoolbox,https://github.com/Pansanel/cetoolbox,repositories/Pansanel_cetoolbox,40
273,feelinglucky/Presentation,https://github.com/feelinglucky/Presentation,repositories/feelinglucky_Presentation,33
274,open-keychain/open-keychain,https://github.com/open-keychain/open-keychain,repositories/open-keychain_open-keychain,7102
275,ankidroid/Anki-Android,https://github.com/ankidroid/Anki-Android,repositories/ankidroid_Anki-Android,8945
276,fivasim/Antikythera-Simulation,https://github.com/fivasim/Antikythera-Simulation,repositories/fivasim_Antikythera-Simulation,3
277,Tyde/TuCanMobile,https://github.com/Tyde/TuCanMobile,repositories/Tyde_TuCanMobile,316
278,dennischen/daily-money,https://github.com/dennischen/daily-money,repositories/dennischen_daily-money,176
279,hwki/SimpleBitcoinWidget,https://github.com/hwki/SimpleBitcoinWidget,repositories/hwki_SimpleBitcoinWidget,129
280,zikalify/BMI_Calculator,https://github.com/zikalify/BMI_Calculator,repositories/zikalify_BMI_Calculator,28
281,roelb/Simple-C25K,https://github.com/roelb/Simple-C25K,repositories/roelb_Simple-C25K,45
282,yuttadhammo/BodhiTimer,https://github.com/yuttadhammo/BodhiTimer,repositories/yuttadhammo_BodhiTimer,9
283,yanchenko/droidparts-battery-widget,https://github.com/yanchenko/droidparts-battery-widget,repositories/yanchenko_droidparts-battery-widget,11
284,lordi/tickmate,https://github.com/lordi/tickmate,repositories/lordi_tickmate,399
285,dougkeen/BartRunnerAndroid,https://github.com/dougkeen/BartRunnerAndroid,repositories/dougkeen_BartRunnerAndroid,209
286,ybonnel/TransportsRennes,https://github.com/ybonnel/TransportsRennes,repositories/ybonnel_TransportsRennes,1307
287,danielme-com/Muspy-for-Android,https://github.com/danielme-com/Muspy-for-Android,repositories/danielme-com_Muspy-for-Android,82
288,zagaberoo/diode,https://github.com/zagaberoo/diode,repositories/zagaberoo_diode,972
289,monakhv/samlib-Info,https://github.com/monakhv/samlib-Info,repositories/monakhv_samlib-Info,738
290,jagossel/MovingPolygons,https://github.com/jagossel/MovingPolygons,repositories/jagossel_MovingPolygons,80
291,plusonelabs/calendar-widget,https://github.com/plusonelabs/calendar-widget,repositories/plusonelabs_calendar-widget,415
292,alterechtschreibung/MonthCalendarWidget2FOSS,https://github.com/alterechtschreibung/MonthCalendarWidget2FOSS,repositories/alterechtschreibung_MonthCalendarWidget2FOSS,9
293,illarionov/RtkGps,https://github.com/illarionov/RtkGps,repositories/illarionov_RtkGps,75
294,asksven/BetterBatteryStats,https://github.com/asksven/BetterBatteryStats,repositories/asksven_BetterBatteryStats,230
295,bvalosek/cpuspy,https://github.com/bvalosek/cpuspy,repositories/bvalosek_cpuspy,73
296,sanbeg/flashlight,https://github.com/sanbeg/flashlight,repositories/sanbeg_flashlight,32
297,intrications/intent-intercept,https://github.com/intrications/intent-intercept,repositories/intrications_intent-intercept,138
298,mozilla/MozStumbler,https://github.com/mozilla/MozStumbler,repositories/mozilla_MozStumbler,2698
299,domoritz/open-mensa-android,https://github.com/domoritz/open-mensa-android,repositories/domoritz_open-mensa-android,170
300,OpenWatch/OpenWatch-Android,https://github.com/OpenWatch/OpenWatch-Android,repositories/OpenWatch_OpenWatch-Android,438
301,cybro/PalmCalc,https://github.com/cybro/PalmCalc,repositories/cybro_PalmCalc,9
302,xargsgrep/PortKnocker,https://github.com/xargsgrep/PortKnocker,repositories/xargsgrep_PortKnocker,175
303,DamienOReilly/PrepayCredit,https://github.com/DamienOReilly/PrepayCredit,repositories/DamienOReilly_PrepayCredit,49
304,wolpi/prim-ftpd,https://github.com/wolpi/prim-ftpd,repositories/wolpi_prim-ftpd,577
305,lpar/RPN,https://github.com/lpar/RPN,repositories/lpar_RPN,37
306,mportuesisf/ScreenInfo,https://github.com/mportuesisf/ScreenInfo,repositories/mportuesisf_ScreenInfo,54
307,gokhanmoral/STweaks,https://github.com/gokhanmoral/STweaks,repositories/gokhanmoral_STweaks,8
308,Vilbrekin/tinc_gui,https://github.com/Vilbrekin/tinc_gui,repositories/Vilbrekin_tinc_gui,81
309,adrian/upm-android,https://github.com/adrian/upm-android,repositories/adrian_upm-android,132
310,mafrosis/Wake-On-Lan,https://github.com/mafrosis/Wake-On-Lan,repositories/mafrosis_Wake-On-Lan,129
311,MiCode/FileExplorer,https://github.com/MiCode/FileExplorer,repositories/MiCode_FileExplorer,53
312,ambrice/timesheet,https://github.com/ambrice/timesheet,repositories/ambrice_timesheet,45
313,daryldy/Heart,https://github.com/daryldy/Heart,repositories/daryldy_Heart,106
314,onyxbits/pocketbandit,https://github.com/onyxbits/pocketbandit,repositories/onyxbits_pocketbandit,81
315,thialfihar/apg,https://github.com/thialfihar/apg,repositories/thialfihar_apg,4367
316,cernekee/ics-openconnect,https://github.com/cernekee/ics-openconnect,repositories/cernekee_ics-openconnect,1004
317,raphaelm/opacclient,https://github.com/raphaelm/opacclient,repositories/raphaelm_opacclient,3845
318,cgeo/c-geo-opensource,https://github.com/cgeo/c-geo-opensource,repositories/cgeo_c-geo-opensource,11237
319,inguin/moneybalance,https://github.com/inguin/moneybalance,repositories/inguin_moneybalance,72
320,mannd/epmobile,https://github.com/mannd/epmobile,repositories/mannd_epmobile,702
321,phw/PicardBarcodeScanner,https://github.com/phw/PicardBarcodeScanner,repositories/phw_PicardBarcodeScanner,44
322,manmal/hn-android,https://github.com/manmal/hn-android,repositories/manmal_hn-android,306
323,ParanoidAndroid/android_packages_apps_ParanoidWallpapers,https://github.com/ParanoidAndroid/android_packages_apps_ParanoidWallpapers,repositories/ParanoidAndroid_android_packages_apps_ParanoidWallpapers,35
324,romannurik/muzei,https://github.com/romannurik/muzei,repositories/romannurik_muzei,1891
325,MohammadAdib/RoundR,https://github.com/MohammadAdib/RoundR,repositories/MohammadAdib_RoundR,45
326,eleybourn/Book-Catalogue,https://github.com/eleybourn/Book-Catalogue,repositories/eleybourn_Book-Catalogue,1330
327,ebraminio/DroidPersianCalendar,https://github.com/ebraminio/DroidPersianCalendar,repositories/ebraminio_DroidPersianCalendar,2051
328,azapps/mirakel-dashclock,https://github.com/azapps/mirakel-dashclock,repositories/azapps_mirakel-dashclock,51
329,dmfs/tasks,https://github.com/dmfs/tasks,repositories/dmfs_tasks,734
330,mobilepearls/com.mobilepearls.sokoban,https://github.com/mobilepearls/com.mobilepearls.sokoban,repositories/mobilepearls_com.mobilepearls.sokoban,14
331,SimonMarquis/Android-PreferencesManager,https://github.com/SimonMarquis/Android-PreferencesManager,repositories/SimonMarquis_Android-PreferencesManager,196
332,jackpal/Android-Terminal-Emulator,https://github.com/jackpal/Android-Terminal-Emulator,repositories/jackpal_Android-Terminal-Emulator,1038
333,AnySoftKeyboard/AnySoftKeyboard,https://github.com/AnySoftKeyboard/AnySoftKeyboard,repositories/AnySoftKeyboard_AnySoftKeyboard,4311
334,asksven/BetterWifiOnOff,https://github.com/asksven/BetterWifiOnOff,repositories/asksven_BetterWifiOnOff,286
335,adrian-bl/bl-battstatus-android,https://github.com/adrian-bl/bl-battstatus-android,repositories/adrian-bl_bl-battstatus-android,117
336,nolanlawson/Catlog,https://github.com/nolanlawson/Catlog,repositories/nolanlawson_Catlog,347
337,uberspot/DebianDroid,https://github.com/uberspot/DebianDroid,repositories/uberspot_DebianDroid,153
338,f2prateek/Device-Frame-Generator,https://github.com/f2prateek/Device-Frame-Generator,repositories/f2prateek_Device-Frame-Generator,396
339,kibab/encpasschanger,https://github.com/kibab/encpasschanger,repositories/kibab_encpasschanger,11
340,namsor/gendreapp,https://github.com/namsor/gendreapp,repositories/namsor_gendreapp,38
341,nolanlawson/KeepScore,https://github.com/nolanlawson/KeepScore,repositories/nolanlawson_KeepScore,520
342,msemm/Keypad-Mapper-3,https://github.com/msemm/Keypad-Mapper-3,repositories/msemm_Keypad-Mapper-3,5
343,hauckwill/linconnect-client,https://github.com/hauckwill/linconnect-client,repositories/hauckwill_linconnect-client,17
344,onyxbits/listmyaps,https://github.com/onyxbits/listmyaps,repositories/onyxbits_listmyaps,112
345,dschuermann/ntp-sync,https://github.com/dschuermann/ntp-sync,repositories/dschuermann_ntp-sync,124
346,eolwral/OSMonitor,https://github.com/eolwral/OSMonitor,repositories/eolwral_OSMonitor,353
347,jberkel/sms-backup-plus,https://github.com/jberkel/sms-backup-plus,repositories/jberkel_sms-backup-plus,1715
348,momodalo/vimtouch,https://github.com/momodalo/vimtouch,repositories/momodalo_vimtouch,363
349,Yubico/yubioath-android,https://github.com/Yubico/yubioath-android,repositories/Yubico_yubioath-android,357
350,jarofgreen/Just-A-Damn-Compass,https://github.com/jarofgreen/Just-A-Damn-Compass,repositories/jarofgreen_Just-A-Damn-Compass,6
351,nguillaumin/osmtracker-android,https://github.com/nguillaumin/osmtracker-android,repositories/nguillaumin_osmtracker-android,432
352,Shahul3D/IndiaSatelliteWeather,https://github.com/Shahul3D/IndiaSatelliteWeather,repositories/Shahul3D_IndiaSatelliteWeather,215
353,iFixit/iFixitAndroid,https://github.com/iFixit/iFixitAndroid,repositories/iFixit_iFixitAndroid,2630
354,grote/Liberario,https://github.com/grote/Liberario,repositories/grote_Liberario,1142
355,daj/flashback,https://github.com/daj/flashback,repositories/daj_flashback,19
356,k9mail/k-9,https://github.com/k9mail/k-9,repositories/k9mail_k-9,8283
357,joanpuigsanz/servdroid,https://github.com/joanpuigsanz/servdroid,repositories/joanpuigsanz_servdroid,70
358,ubergeek42/weechat-android,https://github.com/ubergeek42/weechat-android,repositories/ubergeek42_weechat-android,893
359,TKJElectronics/BalanduinoAndroidApp,https://github.com/TKJElectronics/BalanduinoAndroidApp,repositories/TKJElectronics_BalanduinoAndroidApp,376
360,withad/Mandelbrot-Maps-on-Android,https://github.com/withad/Mandelbrot-Maps-on-Android,repositories/withad_Mandelbrot-Maps-on-Android,352
361,nolanlawson/JapaneseNameConverterRoot,https://github.com/nolanlawson/JapaneseNameConverterRoot,repositories/nolanlawson_JapaneseNameConverterRoot,9
362,ShaneQful/Jupiter-Broadcasting-Android-App,https://github.com/ShaneQful/Jupiter-Broadcasting-Android-App,repositories/ShaneQful_Jupiter-Broadcasting-Android-App,42
363,veken0m/bitcoinium,https://github.com/veken0m/bitcoinium,repositories/veken0m_bitcoinium,518
364,codinguser/gnucash-android,https://github.com/codinguser/gnucash-android,repositories/codinguser_gnucash-android,1728
365,mtotschnig/MyExpenses,https://github.com/mtotschnig/MyExpenses,repositories/mtotschnig_MyExpenses,7030
366,bagilevi/android-pedometer,https://github.com/bagilevi/android-pedometer,repositories/bagilevi_android-pedometer,68
367,ghackett/AppAlarm,https://github.com/ghackett/AppAlarm,repositories/ghackett_AppAlarm,8
368,ralphleon/TeaTimer,https://github.com/ralphleon/TeaTimer,repositories/ralphleon_TeaTimer,71
369,wdkapps/FillUp,https://github.com/wdkapps/FillUp,repositories/wdkapps_FillUp,15
370,nikclayton/android-squeezer,https://github.com/nikclayton/android-squeezer,repositories/nikclayton_android-squeezer,1412
371,MiCode/SoundRecorder,https://github.com/MiCode/SoundRecorder,repositories/MiCode_SoundRecorder,4
372,daneren2005/Subsonic,https://github.com/daneren2005/Subsonic,repositories/daneren2005_Subsonic,3847
373,billthefarmer/accordion,https://github.com/billthefarmer/accordion,repositories/billthefarmer_accordion,96
374,micwallace/reddinator,https://github.com/micwallace/reddinator,repositories/micwallace_reddinator,357
375,ghisguth/blurred-lines-live,https://github.com/ghisguth/blurred-lines-live,repositories/ghisguth_blurred-lines-live,19
376,PuZZleDucK/Orbital-Live-Wallpaper,https://github.com/PuZZleDucK/Orbital-Live-Wallpaper,repositories/PuZZleDucK_Orbital-Live-Wallpaper,100
377,netmackan/ATimeTracker,https://github.com/netmackan/ATimeTracker,repositories/netmackan_ATimeTracker,166
378,dschuermann/birthday-adapter,https://github.com/dschuermann/birthday-adapter,repositories/dschuermann_birthday-adapter,244
379,maxpower47/PinDroid,https://github.com/maxpower47/PinDroid,repositories/maxpower47_PinDroid,941
380,tinkerlog/PongTime,https://github.com/tinkerlog/PongTime,repositories/tinkerlog_PongTime,9
381,sismics/reader,https://github.com/sismics/reader,repositories/sismics_reader,689
382,onyxbits/remotekeyboard,https://github.com/onyxbits/remotekeyboard,repositories/onyxbits_remotekeyboard,93
383,chibibi/simpleDeadlines,https://github.com/chibibi/simpleDeadlines,repositories/chibibi_simpleDeadlines,191
384,uberspot/2048-android,https://github.com/uberspot/2048-android,repositories/uberspot_2048-android,81
385,scoutant/blokish,https://github.com/scoutant/blokish,repositories/scoutant_blokish,100
386,tsapree/L9Droid,https://github.com/tsapree/L9Droid,repositories/tsapree_L9Droid,317
387,ukanth/afwall,https://github.com/ukanth/afwall,repositories/ukanth_afwall,1485
388,yuriykulikov/AlarmClock,https://github.com/yuriykulikov/AlarmClock,repositories/yuriykulikov_AlarmClock,1622
389,ilijamt/android-adbm,https://github.com/ilijamt/android-adbm,repositories/ilijamt_android-adbm,143
390,phw/Android-PwdHash,https://github.com/phw/Android-PwdHash,repositories/phw_Android-PwdHash,147
391,Sash0k/bluetooth-spp-terminal,https://github.com/Sash0k/bluetooth-spp-terminal,repositories/Sash0k_bluetooth-spp-terminal,32
392,felixb/callmeter,https://github.com/felixb/callmeter,repositories/felixb_callmeter,2289
393,kaytdek/ColorNamer,https://github.com/kaytdek/ColorNamer,repositories/kaytdek_ColorNamer,47
394,MiCode/Compass,https://github.com/MiCode/Compass,repositories/MiCode_Compass,4
395,dschuermann/faster-gps,https://github.com/dschuermann/faster-gps,repositories/dschuermann_faster-gps,105
396,jakebasile/hearing-saver,https://github.com/jakebasile/hearing-saver,repositories/jakebasile_hearing-saver,76
397,ikarus23/MifareClassicTool,https://github.com/ikarus23/MifareClassicTool,repositories/ikarus23_MifareClassicTool,645
398,fixme-lausanne/MyHackerspace,https://github.com/fixme-lausanne/MyHackerspace,repositories/fixme-lausanne_MyHackerspace,407
399,hrk/no-frills-cpu-classic,https://github.com/hrk/no-frills-cpu-classic,repositories/hrk_no-frills-cpu-classic,38
400,lkorth/screen-notifications,https://github.com/lkorth/screen-notifications,repositories/lkorth_screen-notifications,242
401,project-voodoo/simple_carrieriq_detector_app,https://github.com/project-voodoo/simple_carrieriq_detector_app,repositories/project-voodoo_simple_carrieriq_detector_app,48
402,robert7k/sipswitch,https://github.com/robert7k/sipswitch,repositories/robert7k_sipswitch,73
403,tananaev/traccar-client-android,https://github.com/tananaev/traccar-client-android,repositories/tananaev_traccar-client-android,334
404,Softcatala/TraductorSoftcatalaAndroid,https://github.com/Softcatala/TraductorSoftcatalaAndroid,repositories/Softcatala_TraductorSoftcatalaAndroid,127
405,pilot51/voicenotify,https://github.com/pilot51/voicenotify,repositories/pilot51_voicenotify,189
406,rahulaga/WorldClock,https://github.com/rahulaga/WorldClock,repositories/rahulaga_WorldClock,30
407,restorer/Gloomy-Dungeons-3D,https://github.com/restorer/Gloomy-Dungeons-3D,repositories/restorer_Gloomy-Dungeons-3D,55
408,vocollapse/Blockinger,https://github.com/vocollapse/Blockinger,repositories/vocollapse_Blockinger,75
409,uberspot/AnagramSolver,https://github.com/uberspot/AnagramSolver,repositories/uberspot_AnagramSolver,50
410,geometer/FBReaderJ-plugin-local-opds-scanner,https://github.com/geometer/FBReaderJ-plugin-local-opds-scanner,repositories/geometer_FBReaderJ-plugin-local-opds-scanner,13
411,szym/barnacle,https://github.com/szym/barnacle,repositories/szym_barnacle,7
412,rigid/Birthdroid,https://github.com/rigid/Birthdroid,repositories/rigid_Birthdroid,63
413,anthonycr/Lightning-Browser,https://github.com/anthonycr/Lightning-Browser,repositories/anthonycr_Lightning-Browser,1874
414,guardianproject/orweb,https://github.com/guardianproject/orweb,repositories/guardianproject_orweb,157
415,firetech/PactrackDroid,https://github.com/firetech/PactrackDroid,repositories/firetech_PactrackDroid,187
416,redsolution/xabber-android,https://github.com/redsolution/xabber-android,repositories/redsolution_xabber-android,3392
417,TCA-Team/TumCampusApp,https://github.com/TCA-Team/TumCampusApp,repositories/TCA-Team_TumCampusApp,2516
418,ge0rg/gamemasterdice,https://github.com/ge0rg/gamemasterdice,repositories/ge0rg_gamemasterdice,58
419,Xlythe/MinecraftClock,https://github.com/Xlythe/MinecraftClock,repositories/Xlythe_MinecraftClock,8
420,GiorgioRegni/Binaural-Beats,https://github.com/GiorgioRegni/Binaural-Beats,repositories/GiorgioRegni_Binaural-Beats,119
421,mehmetakiftutuncu/eshotroid,https://github.com/mehmetakiftutuncu/eshotroid,repositories/mehmetakiftutuncu_eshotroid,21
422,osmandapp/Osmand,https://github.com/osmandapp/Osmand,repositories/osmandapp_Osmand,52365
423,jpeddicord/speedofsound,https://github.com/jpeddicord/speedofsound,repositories/jpeddicord_speedofsound,232
424,adrian-bl/vanilla,https://github.com/adrian-bl/vanilla,repositories/adrian-bl_vanilla,2
425,JesusFreke/Penroser,https://github.com/JesusFreke/Penroser,repositories/JesusFreke_Penroser,147
426,jruesga/PhotoPhase,https://github.com/jruesga/PhotoPhase,repositories/jruesga_PhotoPhase,557
427,vomitcuddle/nori,https://github.com/vomitcuddle/nori,repositories/vomitcuddle_nori,561
428,BrandroidTools/OpenExplorer,https://github.com/BrandroidTools/OpenExplorer,repositories/BrandroidTools_OpenExplorer,1669
429,sudowars/sudowars,https://github.com/sudowars/sudowars,repositories/sudowars_sudowars,120
430,andstatus/andstatus,https://github.com/andstatus/andstatus,repositories/andstatus_andstatus,2109
431,wordpress-mobile/WordPress-Android,https://github.com/wordpress-mobile/WordPress-Android,repositories/wordpress-mobile_WordPress-Android,33320
432,YerayAlonso/LligaIntermunicipal,https://github.com/YerayAlonso/LligaIntermunicipal,repositories/YerayAlonso_LligaIntermunicipal,11
433,jecelyin/920-Text-Editor,https://github.com/jecelyin/920-Text-Editor,repositories/jecelyin_920-Text-Editor,20
434,nexes/Android-File-Manager,https://github.com/nexes/Android-File-Manager,repositories/nexes_Android-File-Manager,100
435,fmetzger/android-sensorium,https://github.com/fmetzger/android-sensorium,repositories/fmetzger_android-sensorium,218
436,ksksue/Android-USB-Serial-Monitor-Lite,https://github.com/ksksue/Android-USB-Serial-Monitor-Lite,repositories/ksksue_Android-USB-Serial-Monitor-Lite,50
437,litrik/be.norio.randomapp,https://github.com/litrik/be.norio.randomapp,repositories/litrik_be.norio.randomapp,6
438,tillwoerner/BrightnessWidget,https://github.com/tillwoerner/BrightnessWidget,repositories/tillwoerner_BrightnessWidget,17
439,jochem88/clean-calculator,https://github.com/jochem88/clean-calculator,repositories/jochem88_clean-calculator,22
440,pejic/EasyDice,https://github.com/pejic/EasyDice,repositories/pejic_EasyDice,131
441,herrlado/GeorgianFonts,https://github.com/herrlado/GeorgianFonts,repositories/herrlado_GeorgianFonts,28
442,borneq/HereGPSLocation,https://github.com/borneq/HereGPSLocation,repositories/borneq_HereGPSLocation,24
443,mtotschnig/SendWithFtp,https://github.com/mtotschnig/SendWithFtp,repositories/mtotschnig_SendWithFtp,74
444,onyxbits/sensorreadout,https://github.com/onyxbits/sensorreadout,repositories/onyxbits_sensorreadout,92
445,Buttink/sick-stache,https://github.com/Buttink/sick-stache,repositories/Buttink_sick-stache,101
446,koush/Superuser,https://github.com/koush/Superuser,repositories/koush_Superuser,653
447,wiglenet/wigle-wifi-wardriving,https://github.com/wiglenet/wigle-wifi-wardriving,repositories/wiglenet_wigle-wifi-wardriving,1427
448,sozialhelden/wheelmap-android,https://github.com/sozialhelden/wheelmap-android,repositories/sozialhelden_wheelmap-android,2008
449,MazeChaZer/WoT-Tank-Quiz,https://github.com/MazeChaZer/WoT-Tank-Quiz,repositories/MazeChaZer_WoT-Tank-Quiz,61
450,john-tornblom/TVHGuide,https://github.com/john-tornblom/TVHGuide,repositories/john-tornblom_TVHGuide,364
451,dozingcat/Vector-Pinball,https://github.com/dozingcat/Vector-Pinball,repositories/dozingcat_Vector-Pinball,127
452,geometer/FBReaderJ-plugin-tts,https://github.com/geometer/FBReaderJ-plugin-tts,repositories/geometer_FBReaderJ-plugin-tts,49
453,gregko/TtsPlus-FBReader,https://github.com/gregko/TtsPlus-FBReader,repositories/gregko_TtsPlus-FBReader,137
454,robotmedia/droid-comic-viewer,https://github.com/robotmedia/droid-comic-viewer,repositories/robotmedia_droid-comic-viewer,75
455,softgearko/MultiPing-for-Android,https://github.com/softgearko/MultiPing-for-Android,repositories/softgearko_MultiPing-for-Android,16
456,Anasthase/TintBrowserAdblockAddon,https://github.com/Anasthase/TintBrowserAdblockAddon,repositories/Anasthase_TintBrowserAdblockAddon,22
457,pocmo/Yaaic,https://github.com/pocmo/Yaaic,repositories/pocmo_Yaaic,1066
458,ge0rg/yaxim,https://github.com/ge0rg/yaxim,repositories/ge0rg_yaxim,1271
459,liato/android-bankdroid,https://github.com/liato/android-bankdroid,repositories/liato_android-bankdroid,1325
460,niteshpatel/ministocks,https://github.com/niteshpatel/ministocks,repositories/niteshpatel_ministocks,253
461,mboesling/HydroMemo,https://github.com/mboesling/HydroMemo,repositories/mboesling_HydroMemo,13
462,zxing/zxing,https://github.com/zxing/zxing,repositories/zxing_zxing,3485
463,bherrmann7/Car-Cast,https://github.com/bherrmann7/Car-Cast,repositories/bherrmann7_Car-Cast,274
464,billthefarmer/melodeon,https://github.com/billthefarmer/melodeon,repositories/billthefarmer_melodeon,64
465,tobykurien/GoogleNews,https://github.com/tobykurien/GoogleNews,repositories/tobykurien_GoogleNews,90
466,SimonMarquis/Android-SecretCodes,https://github.com/SimonMarquis/Android-SecretCodes,repositories/SimonMarquis_Android-SecretCodes,75
467,marin-liovic/Fast-Brightness-Control-Widget,https://github.com/marin-liovic/Fast-Brightness-Control-Widget,repositories/marin-liovic_Fast-Brightness-Control-Widget,14
468,lllllT/MultiPictureLiveWallpaper,https://github.com/lllllT/MultiPictureLiveWallpaper,repositories/lllllT_MultiPictureLiveWallpaper,250
469,dozingcat/AsciiCam,https://github.com/dozingcat/AsciiCam,repositories/dozingcat_AsciiCam,54
470,lightbox/QuickSnap,https://github.com/lightbox/QuickSnap,repositories/lightbox_QuickSnap,6
471,duncanje/android-open-wifi-network-remover,https://github.com/duncanje/android-open-wifi-network-remover,repositories/duncanje_android-open-wifi-network-remover,114
472,acl33/AndroidDasher,https://github.com/acl33/AndroidDasher,repositories/acl33_AndroidDasher,329
473,MirakelX/mirakel-android,https://github.com/MirakelX/mirakel-android,repositories/MirakelX_mirakel-android,3722
474,sukso96100/SidePanel,https://github.com/sukso96100/SidePanel,repositories/sukso96100_SidePanel,66
475,paulmach/Text-Edit-for-Android,https://github.com/paulmach/Text-Edit-for-Android,repositories/paulmach_Text-Edit-for-Android,10
476,jamienicol/episodes,https://github.com/jamienicol/episodes,repositories/jamienicol_episodes,264
477,velazcod/Tinfoil-Facebook,https://github.com/velazcod/Tinfoil-Facebook,repositories/velazcod_Tinfoil-Facebook,308
478,moparisthebest/AppBak,https://github.com/moparisthebest/AppBak,repositories/moparisthebest_AppBak,2
479,lllllT/AtmosphereLogger,https://github.com/lllllT/AtmosphereLogger,repositories/lllllT_AtmosphereLogger,65
480,guardianproject/cacert,https://github.com/guardianproject/cacert,repositories/guardianproject_cacert,74
481,Smerty/ham.android,https://github.com/Smerty/ham.android,repositories/Smerty_ham.android,87
482,abcdjdj/RootVerifier-APP,https://github.com/abcdjdj/RootVerifier-APP,repositories/abcdjdj_RootVerifier-APP,94
483,sheimi/SGit,https://github.com/sheimi/SGit,repositories/sheimi_SGit,401
484,vmihalachi/turbo-editor,https://github.com/vmihalachi/turbo-editor,repositories/vmihalachi_turbo-editor,80
485,j4velin/WiFi-Auto-Off,https://github.com/j4velin/WiFi-Auto-Off,repositories/j4velin_WiFi-Auto-Off,246
486,hmrocha/wifiwidget,https://github.com/hmrocha/wifiwidget,repositories/hmrocha_wifiwidget,3
487,Chluverman/android-gltron,https://github.com/Chluverman/android-gltron,repositories/Chluverman_android-gltron,15
488,niparasc/papanikolis-submarine,https://github.com/niparasc/papanikolis-submarine,repositories/niparasc_papanikolis-submarine,12
489,TomTasche/OpenDocument.droid,https://github.com/TomTasche/OpenDocument.droid,repositories/TomTasche_OpenDocument.droid,251
490,balesz/android-WebSearch,https://github.com/balesz/android-WebSearch,repositories/balesz_android-WebSearch,134
491,guardianproject/Gibberbot,https://github.com/guardianproject/Gibberbot,repositories/guardianproject_Gibberbot,2909
492,mateusz-szafraniec/NFCTagmaker,https://github.com/mateusz-szafraniec/NFCTagmaker,repositories/mateusz-szafraniec_NFCTagmaker,55
493,Anasthase/TintBrowser,https://github.com/Anasthase/TintBrowser,repositories/Anasthase_TintBrowser,242
494,rorist/Cowsay-android,https://github.com/rorist/Cowsay-android,repositories/rorist_Cowsay-android,158
495,F0x06/EddyMalou,https://github.com/F0x06/EddyMalou,repositories/F0x06_EddyMalou,6
496,gsingh93/hacker-live-wallpaper,https://github.com/gsingh93/hacker-live-wallpaper,repositories/gsingh93_hacker-live-wallpaper,87
497,schildbach/bitcoin-wallet,https://github.com/schildbach/bitcoin-wallet,repositories/schildbach_bitcoin-wallet,3259
498,notriddle/budget-envelopes,https://github.com/notriddle/budget-envelopes,repositories/notriddle_budget-envelopes,195
499,mancio/Volume-Control,https://github.com/mancio/Volume-Control,repositories/mancio_Volume-Control,3
500,shakalaca/BeautyClockLiveWallpaper,https://github.com/shakalaca/BeautyClockLiveWallpaper,repositories/shakalaca_BeautyClockLiveWallpaper,98
501,umanx/DashNotifier,https://github.com/umanx/DashNotifier,repositories/umanx_DashNotifier,18
502,AChep/JellyBeanClock,https://github.com/AChep/JellyBeanClock,repositories/AChep_JellyBeanClock,10
503,msal/muzei-nationalgeographic,https://github.com/msal/muzei-nationalgeographic,repositories/msal_muzei-nationalgeographic,69
504,rjmarsan/Pixelesque,https://github.com/rjmarsan/Pixelesque,repositories/rjmarsan_Pixelesque,31
505,hsaito/hstempo_android,https://github.com/hsaito/hstempo_android,repositories/hsaito_hstempo_android,46
506,dschuermann/document-viewer,https://github.com/dschuermann/document-viewer,repositories/dschuermann_document-viewer,1752
507,dschuermann/standalone-calendar,https://github.com/dschuermann/standalone-calendar,repositories/dschuermann_standalone-calendar,5400
508,StanLivitski/n-puzzle,https://github.com/StanLivitski/n-puzzle,repositories/StanLivitski_n-puzzle,7
509,onyxbits/TextFiction,https://github.com/onyxbits/TextFiction,repositories/onyxbits_TextFiction,124
510,AnimaSA/Atarashii,https://github.com/AnimaSA/Atarashii,repositories/AnimaSA_Atarashii,2325
511,loadrunner/Facebook-Contact-Sync,https://github.com/loadrunner/Facebook-Contact-Sync,repositories/loadrunner_Facebook-Contact-Sync,154
512,kromonos/Mustard-Mod,https://github.com/kromonos/Mustard-Mod,repositories/kromonos_Mustard-Mod,59
513,MohammadAG/android-file-beam,https://github.com/MohammadAG/android-file-beam,repositories/MohammadAG_android-file-beam,5
514,scar45/aokp-co-webviewer,https://github.com/scar45/aokp-co-webviewer,repositories/scar45_aokp-co-webviewer,20
515,hmrocha/batterywidget,https://github.com/hmrocha/batterywidget,repositories/hmrocha_batterywidget,31
516,zaren678/Hdhomerun-signal-meter,https://github.com/zaren678/Hdhomerun-signal-meter,repositories/zaren678_Hdhomerun-signal-meter,41
517,mborjesson/LG-Optimus-2X-Black-Notifications,https://github.com/mborjesson/LG-Optimus-2X-Black-Notifications,repositories/mborjesson_LG-Optimus-2X-Black-Notifications,69
518,Mobiperf/MobiPerf,https://github.com/Mobiperf/MobiPerf,repositories/Mobiperf_MobiPerf,814
519,SpazeDog/mounts2sd,https://github.com/SpazeDog/mounts2sd,repositories/SpazeDog_mounts2sd,128
520,felixb/otpdroid,https://github.com/felixb/otpdroid,repositories/felixb_otpdroid,54
521,mvglasow/satstat,https://github.com/mvglasow/satstat,repositories/mvglasow_satstat,528
522,cprados/wifimatic-android,https://github.com/cprados/wifimatic-android,repositories/cprados_wifimatic-android,20
523,mendhak/gpslogger,https://github.com/mendhak/gpslogger,repositories/mendhak_gpslogger,1445
524,NightWhistler/PageTurner,https://github.com/NightWhistler/PageTurner,repositories/NightWhistler_PageTurner,1262
525,HoloAddict/FeedEx,https://github.com/HoloAddict/FeedEx,repositories/HoloAddict_FeedEx,1305
526,Kent1/Manille,https://github.com/Kent1/Manille,repositories/Kent1_Manille,101
527,felixb/smsdroid,https://github.com/felixb/smsdroid,repositories/felixb_smsdroid,844
528,ushahidi/SMSSync,https://github.com/ushahidi/SMSSync,repositories/ushahidi_SMSSync,1816
529,wrr/speech_trainer,https://github.com/wrr/speech_trainer,repositories/wrr_speech_trainer,31
530,cr5315/countdown-for-dashclock,https://github.com/cr5315/countdown-for-dashclock,repositories/cr5315_countdown-for-dashclock,12
531,dozingcat/CamTimer,https://github.com/dozingcat/CamTimer,repositories/dozingcat_CamTimer,18
532,dsoulayrol/android-sholi,https://github.com/dsoulayrol/android-sholi,repositories/dsoulayrol_android-sholi,67
533,edsonduarte1990/reminders,https://github.com/edsonduarte1990/reminders,repositories/edsonduarte1990_reminders,102
534,dpadgett/Timer,https://github.com/dpadgett/Timer,repositories/dpadgett_Timer,189
535,chrispbailey/ToDo-List-Widget,https://github.com/chrispbailey/ToDo-List-Widget,repositories/chrispbailey_ToDo-List-Widget,134
536,brosmike/AirPush-Detector,https://github.com/brosmike/AirPush-Detector,repositories/brosmike_AirPush-Detector,26
537,tasermonkey/android-passwordmaker,https://github.com/tasermonkey/android-passwordmaker,repositories/tasermonkey_android-passwordmaker,37
538,tstein/AndroSS,https://github.com/tstein/AndroSS,repositories/tstein_AndroSS,159
539,janosgyerik/bluetoothviewer,https://github.com/janosgyerik/bluetoothviewer,repositories/janosgyerik_bluetoothviewer,232
540,wanleung/ChangjieIME,https://github.com/wanleung/ChangjieIME,repositories/wanleung_ChangjieIME,14
541,easytiger/dotty,https://github.com/easytiger/dotty,repositories/easytiger_dotty,2
542,project-voodoo/ota-rootkeeper-app,https://github.com/project-voodoo/ota-rootkeeper-app,repositories/project-voodoo_ota-rootkeeper-app,57
543,jerickson314/sdscanner,https://github.com/jerickson314/sdscanner,repositories/jerickson314_sdscanner,39
544,alt236/USB-Device-Info---Android,https://github.com/alt236/USB-Device-Info---Android,repositories/alt236_USB-Device-Info---Android,68
545,onyxbits/geobookmark,https://github.com/onyxbits/geobookmark,repositories/onyxbits_geobookmark,14
546,mdecorde/BAC76,https://github.com/mdecorde/BAC76,repositories/mdecorde_BAC76,16
547,trishika/DroidUPnP,https://github.com/trishika/DroidUPnP,repositories/trishika_DroidUPnP,225
548,intervigilium/MicDroid,https://github.com/intervigilium/MicDroid,repositories/intervigilium_MicDroid,77
549,mateuszbuda/ThermometerExtended2,https://github.com/mateuszbuda/ThermometerExtended2,repositories/mateuszbuda_ThermometerExtended2,50
550,xenris/liquid-wars-android,https://github.com/xenris/liquid-wars-android,repositories/xenris_liquid-wars-android,28
551,jfreax/OpenLaw,https://github.com/jfreax/OpenLaw,repositories/jfreax_OpenLaw,333
552,DizzyThermal/Auto-Away,https://github.com/DizzyThermal/Auto-Away,repositories/DizzyThermal_Auto-Away,15
553,guardianproject/PixelKnot,https://github.com/guardianproject/PixelKnot,repositories/guardianproject_PixelKnot,160
554,awaken/sanity,https://github.com/awaken/sanity,repositories/awaken_sanity,45
555,NewProggie/SparkleShare-Android,https://github.com/NewProggie/SparkleShare-Android,repositories/NewProggie_SparkleShare-Android,201
556,johnnylambada/WorldMap,https://github.com/johnnylambada/WorldMap,repositories/johnnylambada_WorldMap,115
557,banasiak/CoinFlip,https://github.com/banasiak/CoinFlip,repositories/banasiak_CoinFlip,118
558,prismsw/Lampshade,https://github.com/prismsw/Lampshade,repositories/prismsw_Lampshade,236
559,teamOSC/SubtleNews_Android_App,https://github.com/teamOSC/SubtleNews_Android_App,repositories/teamOSC_SubtleNews_Android_App,103
560,budowski/budoist,https://github.com/budowski/budoist,repositories/budowski_budoist,43
561,weisserd/LDAP-Sync,https://github.com/weisserd/LDAP-Sync,repositories/weisserd_LDAP-Sync,111
562,teneighty/moss,https://github.com/teneighty/moss,repositories/teneighty_moss,69
563,yankovskiy/SilentNight,https://github.com/yankovskiy/SilentNight,repositories/yankovskiy_SilentNight,30
564,indrora/Atomic,https://github.com/indrora/Atomic,repositories/indrora_Atomic,1226
565,tobykurien/BatteryFu,https://github.com/tobykurien/BatteryFu,repositories/tobykurien_BatteryFu,79
566,jyio/botbrew-gui,https://github.com/jyio/botbrew-gui,repositories/jyio_botbrew-gui,135
567,felixb/clipboard-beam,https://github.com/felixb/clipboard-beam,repositories/felixb_clipboard-beam,8
568,blaztriglav/did-i,https://github.com/blaztriglav/did-i,repositories/blaztriglav_did-i,80
569,palfrey/postcode,https://github.com/palfrey/postcode,repositories/palfrey_postcode,94
570,pyload/pyload-android,https://github.com/pyload/pyload-android,repositories/pyload_pyload-android,108
571,Nutomic/control-dlna,https://github.com/Nutomic/control-dlna,repositories/Nutomic_control-dlna,175
572,emergentdotorg/shaman,https://github.com/emergentdotorg/shaman,repositories/emergentdotorg_shaman,37
573,cketti/DashClock_K-9,https://github.com/cketti/DashClock_K-9,repositories/cketti_DashClock_K-9,66
574,timvdalen/gizmooi,https://github.com/timvdalen/gizmooi,repositories/timvdalen_gizmooi,7
575,gggard/AndroidCaldavSyncAdapater,https://github.com/gggard/AndroidCaldavSyncAdapater,repositories/gggard_AndroidCaldavSyncAdapater,121
576,nfd/KeePassNFC,https://github.com/nfd/KeePassNFC,repositories/nfd_KeePassNFC,11
577,matburt/mobileorg-android,https://github.com/matburt/mobileorg-android,repositories/matburt_mobileorg-android,1273
578,losttime/cooper,https://github.com/losttime/cooper,repositories/losttime_cooper,52
579,miracle2k/android-autostarts,https://github.com/miracle2k/android-autostarts,repositories/miracle2k_android-autostarts,449
580,pires/android-obd-reader,https://github.com/pires/android-obd-reader,repositories/pires_android-obd-reader,337
581,rmtheis/android-ocr,https://github.com/rmtheis/android-ocr,repositories/rmtheis_android-ocr,115
582,adrian-bl/APN-Switch,https://github.com/adrian-bl/APN-Switch,repositories/adrian-bl_APN-Switch,12
583,flyingrub/SpeedMeter,https://github.com/flyingrub/SpeedMeter,repositories/flyingrub_SpeedMeter,95
584,mariotaku/twidere.extension.twitlonger,https://github.com/mariotaku/twidere.extension.twitlonger,repositories/mariotaku_twidere.extension.twitlonger,8
585,Zanshinmu/Wifi-Fixer,https://github.com/Zanshinmu/Wifi-Fixer,repositories/Zanshinmu_Wifi-Fixer,1264
586,freezy/android-xbmcremote,https://github.com/freezy/android-xbmcremote,repositories/freezy_android-xbmcremote,946
587,btmura/rbb,https://github.com/btmura/rbb,repositories/btmura_rbb,2347
588,MarcDufresne/BetterWeather,https://github.com/MarcDufresne/BetterWeather,repositories/MarcDufresne_BetterWeather,125
589,indication/OpenRedmine,https://github.com/indication/OpenRedmine,repositories/indication_OpenRedmine,1321
590,MaTachi/geometri-destroyer,https://github.com/MaTachi/geometri-destroyer,repositories/MaTachi_geometri-destroyer,23
591,awilliams/fish,https://github.com/awilliams/fish,repositories/awilliams_fish,3
592,nathanpc/Build.prop-Editor,https://github.com/nathanpc/Build.prop-Editor,repositories/nathanpc_Build.prop-Editor,15
593,Nilhcem/hosts-editor-android,https://github.com/Nilhcem/hosts-editor-android,repositories/Nilhcem_hosts-editor-android,135
594,elek/osmgpxuploader,https://github.com/elek/osmgpxuploader,repositories/elek_osmgpxuploader,34
595,ShowMeHills/ShowMeHills,https://github.com/ShowMeHills/ShowMeHills,repositories/ShowMeHills_ShowMeHills,74
596,prrt714/Kaleidoscope,https://github.com/prrt714/Kaleidoscope,repositories/prrt714_Kaleidoscope,25
597,logomancer/dashquotes-civ5,https://github.com/logomancer/dashquotes-civ5,repositories/logomancer_dashquotes-civ5,22
598,onyxbits/Drudgery,https://github.com/onyxbits/Drudgery,repositories/onyxbits_Drudgery,15
599,amiga/sonorox,https://github.com/amiga/sonorox,repositories/amiga_sonorox,4
600,jurihock/voicesmith,https://github.com/jurihock/voicesmith,repositories/jurihock_voicesmith,158
601,markusfisch/WaveLinesWallpaper,https://github.com/markusfisch/WaveLinesWallpaper,repositories/markusfisch_WaveLinesWallpaper,56
602,voidcode/Diaspora-Webclient,https://github.com/voidcode/Diaspora-Webclient,repositories/voidcode_Diaspora-Webclient,63
603,sweetiepiggy/Every-Locale,https://github.com/sweetiepiggy/Every-Locale,repositories/sweetiepiggy_Every-Locale,53
604,codebutler/farebot,https://github.com/codebutler/farebot,repositories/codebutler_farebot,242
605,guardianproject/gnupg-for-android,https://github.com/guardianproject/gnupg-for-android,repositories/guardianproject_gnupg-for-android,782
606,atd/HandyNotes,https://github.com/atd/HandyNotes,repositories/atd_HandyNotes,32
607,guardianproject/lildebi,https://github.com/guardianproject/lildebi,repositories/guardianproject_lildebi,578
608,nadam/nfc-reader,https://github.com/nadam/nfc-reader,repositories/nadam_nfc-reader,44
609,xenotropic/quizzn,https://github.com/xenotropic/quizzn,repositories/xenotropic_quizzn,4
610,chaosbastler/opentraining,https://github.com/chaosbastler/opentraining,repositories/chaosbastler_opentraining,503
611,telecapoland/jamendo-android,https://github.com/telecapoland/jamendo-android,repositories/telecapoland_jamendo-android,150
612,thasmin/Podax,https://github.com/thasmin/Podax,repositories/thasmin_Podax,885
613,clementine-player/Android-Remote,https://github.com/clementine-player/Android-Remote,repositories/clementine-player_Android-Remote,748
614,danielegobbetti/ICSImport,https://github.com/danielegobbetti/ICSImport,repositories/danielegobbetti_ICSImport,14
615,ajaapps/flightmode,https://github.com/ajaapps/flightmode,repositories/ajaapps_flightmode,12
616,cglapa/rights-alert,https://github.com/cglapa/rights-alert,repositories/cglapa_rights-alert,40
617,zaki50/MemoPad,https://github.com/zaki50/MemoPad,repositories/zaki50_MemoPad,61
618,rtyley/agit,https://github.com/rtyley/agit,repositories/rtyley_agit,894
619,baolongnt/EmailPopup,https://github.com/baolongnt/EmailPopup,repositories/baolongnt_EmailPopup,75
620,opentelecoms-org/lumicall,https://github.com/opentelecoms-org/lumicall,repositories/opentelecoms-org_lumicall,905
621,lablogga/DIYgenomics_Android,https://github.com/lablogga/DIYgenomics_Android,repositories/lablogga_DIYgenomics_Android,21
622,Kaljurand/Diktofon,https://github.com/Kaljurand/Diktofon,repositories/Kaljurand_Diktofon,54
623,SASAbus/SASAbus,https://github.com/SASAbus/SASAbus,repositories/SASAbus_SASAbus,689
624,guardianproject/notecipher,https://github.com/guardianproject/notecipher,repositories/guardianproject_notecipher,190
625,anthonydahanne/ReGalAndroid,https://github.com/anthonydahanne/ReGalAndroid,repositories/anthonydahanne_ReGalAndroid,251
626,threedliteguy/urforms,https://github.com/threedliteguy/urforms,repositories/threedliteguy_urforms,4
627,nolanlawson/ChordReaderRoot,https://github.com/nolanlawson/ChordReaderRoot,repositories/nolanlawson_ChordReaderRoot,84
628,boombuler/piraten_map_app,https://github.com/boombuler/piraten_map_app,repositories/boombuler_piraten_map_app,60
629,soft-studio/NFC_DriversLicenseReader,https://github.com/soft-studio/NFC_DriversLicenseReader,repositories/soft-studio_NFC_DriversLicenseReader,5
630,moparisthebest/PagePlusBalance,https://github.com/moparisthebest/PagePlusBalance,repositories/moparisthebest_PagePlusBalance,8
631,tom-and-jerry/eyeCam,https://github.com/tom-and-jerry/eyeCam,repositories/tom-and-jerry_eyeCam,131
632,NightlyNexus/Color-Clock,https://github.com/NightlyNexus/Color-Clock,repositories/NightlyNexus_Color-Clock,16
633,ajlyon/zandy,https://github.com/ajlyon/zandy,repositories/ajlyon_zandy,314
634,nicolas-raoul/OxygenGuide-Android,https://github.com/nicolas-raoul/OxygenGuide-Android,repositories/nicolas-raoul_OxygenGuide-Android,23
635,pettarin/epub3reader,https://github.com/pettarin/epub3reader,repositories/pettarin_epub3reader,51
636,Xlythe/HexGame_Android,https://github.com/Xlythe/HexGame_Android,repositories/Xlythe_HexGame_Android,366
637,talklittle/reddit-is-fun,https://github.com/talklittle/reddit-is-fun,repositories/talklittle_reddit-is-fun,773
638,wallabag/android-app,https://github.com/wallabag/android-app,repositories/wallabag_android-app,1223
639,oschina/android-app,https://github.com/oschina/android-app,repositories/oschina_android-app,30
640,mconf/sipdroid,https://github.com/mconf/sipdroid,repositories/mconf_sipdroid,290
641,sagemath/android,https://github.com/sagemath/android,repositories/sagemath_android,411
642,owncloud/android,https://github.com/owncloud/android,repositories/owncloud_android,7080
643,justin66/MyTracks,https://github.com/justin66/MyTracks,repositories/justin66_MyTracks,2758
644,github/android,https://github.com/github/android,repositories/github_android,3393
645,cyclestreets/android,https://github.com/cyclestreets/android,repositories/cyclestreets_android,1534
646,felixb/websms,https://github.com/felixb/websms,repositories/felixb_websms,1651
647,osmdroid/osmdroid,https://github.com/osmdroid/osmdroid,repositories/osmdroid_osmdroid,2838
648,skhang/appsorganizer,https://github.com/skhang/appsorganizer,repositories/skhang_appsorganizer,172
